Customer_ID,Age,Income,Credit_Score,Credit_Utilization,Missed_Payments,Delinquent_Account,Loan_Balance,Debt_to_Income_Ratio,Employment_Status,Account_Tenure,Credit_Card_Type,Location,Month_1,Month_2,Month_3,Month_4,Month_5,Month_6,predicted_label,risk_probability,confidence_score,risk_category,personal_explanation,personal_recommendation
CUST0001,56.0,165580.0,398.0,0.390501928600237,3,0,16310.0,0.31739611496857,EMP,18,Student,Los Angeles,Late,Late,Missed,Late,Missed,Late,0,0.0748689615378635,0.850262076924273,Low Risk,Risk is Low (7.5%). Solid credit indicators.,Maintain standard tracking.
CUST0002,69.0,100999.0,493.0,0.312444033226017,6,1,17401.0,0.196092643360821,Self-employed,0,Standard,Phoenix,Missed,Missed,Late,Missed,On-time,On-time,0,0.1132515006166296,0.7734969987667408,Low Risk,Risk is Low (11.3%). Solid credit indicators.,Maintain standard tracking.
CUST0003,46.0,188416.0,500.0,0.359930238508409,0,0,13761.0,0.301654939890911,Self-employed,1,Platinum,Chicago,Missed,Late,Late,On-time,Missed,Late,0,0.16821437334992023,0.6635712533001595,Low Risk,Risk is Low (16.8%). Solid credit indicators.,Maintain standard tracking.
CUST0004,32.0,101672.0,413.0,0.371400355303824,3,0,88778.0,0.264794439228806,Unemployed,15,Platinum,Phoenix,Late,Missed,Late,Missed,Late,Late,0,0.0476107318928619,0.9047785362142762,Low Risk,Risk is Low (4.8%). Solid credit indicators.,Maintain standard tracking.
CUST0005,60.0,38524.0,487.0,0.234715862628201,2,0,13316.0,0.510583482534848,Self-employed,11,Standard,Phoenix,Missed,On-time,Missed,Late,Late,Late,0,0.07343124964653146,0.8531375007069371,Low Risk,Risk is Low (7.3%). Solid credit indicators.,Maintain standard tracking.
CUST0006,25.0,84042.0,700.0,0.650540429714525,6,0,48361.0,0.260687881080009,Unemployed,7,Gold,New York,On-time,Late,Missed,Missed,Missed,Late,0,0.0688095278521463,0.8623809442957074,Low Risk,Risk is Low (6.9%). Solid credit indicators.,Maintain standard tracking.
CUST0007,38.0,35056.0,354.0,0.390580940522579,3,0,4638.0,0.484265137288334,employed,17,Platinum,New York,On-time,Missed,Missed,Late,Missed,Late,0,0.07258962059651204,0.8548207588069759,Low Risk,Risk is Low (7.3%). Solid credit indicators.,Maintain standard tracking.
CUST0008,56.0,123215.0,415.0,0.532714667117731,5,0,55776.0,0.358695229118337,EMP,1,Student,New York,On-time,On-time,On-time,Late,Missed,Late,0,0.0826552119213421,0.8346895761573158,Low Risk,Risk is Low (8.3%). Solid credit indicators.,Maintain standard tracking.
CUST0009,36.0,66991.0,405.0,0.413034847617951,5,1,45776.0,0.219854102927027,Employed,12,Student,Phoenix,On-time,On-time,On-time,Missed,Late,On-time,0,0.443713975196838,0.11257204960632405,Medium Risk,Risk is Medium (44.4%). Moderate risk profile.,Send payment reminders & monitor.
CUST0010,40.0,34870.0,679.0,0.361823917542758,4,0,93922.0,0.333081092525975,EMP,5,Business,Los Angeles,On-time,Missed,Missed,On-time,Missed,Missed,0,0.059816478456424085,0.8803670430871519,Low Risk,Risk is Low (6.0%). Solid credit indicators.,Maintain standard tracking.
CUST0011,28.0,42532.0,340.0,0.83445584721737,4,0,82909.0,0.269559025366218,Unemployed,5,Student,Chicago,On-time,Late,Missed,Missed,On-time,Late,0,0.15814985018807876,0.6837002996238425,Low Risk,Risk is Low (15.8%). Solid credit indicators.,Maintain standard tracking.
CUST0012,28.0,70479.0,679.0,0.684586436441881,3,0,75777.0,0.324215749074123,Unemployed,8,Business,Chicago,On-time,Missed,Missed,Late,On-time,Late,0,0.12801112621247765,0.7439777475750446,Low Risk,Risk is Low (12.8%). Solid credit indicators.,Maintain standard tracking.
CUST0013,41.0,56975.0,320.0,0.126359920008971,0,0,15171.0,0.228610901256673,EMP,15,Standard,Los Angeles,Late,Late,Missed,Late,On-time,On-time,0,0.0743223357054948,0.8513553285890104,Low Risk,Risk is Low (7.4%). Solid credit indicators.,Maintain standard tracking.
CUST0014,70.0,117023.0,528.0,0.105172510332822,5,0,95136.0,0.469017763334595,retired,10,Standard,Los Angeles,On-time,Missed,Missed,Missed,On-time,On-time,0,0.06688446163839767,0.8662310767232047,Low Risk,Risk is Low (6.7%). Solid credit indicators.,Maintain standard tracking.
CUST0015,53.0,143148.0,617.0,0.708521767127297,0,0,2593.0,0.392539809079672,Unemployed,6,Standard,Chicago,Late,Missed,Late,Late,Late,Late,0,0.1525947607472404,0.6948104785055191,Low Risk,Risk is Low (15.3%). Solid credit indicators.,Maintain standard tracking.
CUST0016,57.0,159356.0,601.0,0.396029321690249,0,0,1514.0,0.303178156816159,Self-employed,9,Gold,Houston,Missed,On-time,Late,Missed,Missed,Late,0,0.2752051378465411,0.4495897243069178,Low Risk,Risk is Low (27.5%). Solid credit indicators.,Maintain standard tracking.
CUST0017,41.0,146484.0,543.0,0.170183533213155,3,0,74039.0,0.472911476806953,Self-employed,9,Gold,New York,Late,Missed,On-time,Missed,Missed,Late,0,0.14862625975898658,0.7027474804820268,Low Risk,Risk is Low (14.9%). Solid credit indicators.,Maintain standard tracking.
CUST0018,20.0,183152.0,823.0,0.709147026508068,0,1,28018.0,0.307427924408284,Unemployed,19,Business,New York,On-time,On-time,Late,Late,On-time,Late,1,0.6267299238002398,0.2534598476004797,Medium Risk,Risk is Medium (62.7%). Moderate risk profile.,Send payment reminders & monitor.
CUST0019,39.0,81040.0,831.0,0.533824810019818,5,0,16034.0,0.409762496486116,Unemployed,17,Student,Chicago,Missed,On-time,On-time,Late,On-time,Missed,0,0.1340975503205297,0.7318048993589406,Low Risk,Risk is Low (13.4%). Solid credit indicators.,Maintain standard tracking.
CUST0020,70.0,181319.0,486.0,0.550314216966463,2,0,2420.0,0.303830058752242,retired,19,Student,Los Angeles,Late,Missed,Late,Late,Late,Missed,0,0.0834476493885241,0.8331047012229518,Low Risk,Risk is Low (8.3%). Solid credit indicators.,Maintain standard tracking.
CUST0021,19.0,199402.0,783.0,0.661907854401181,4,0,43942.0,0.339388759481057,Self-employed,8,Standard,Houston,Late,Late,On-time,On-time,On-time,Late,0,0.1173017531742245,0.7653964936515509,Low Risk,Risk is Low (11.7%). Solid credit indicators.,Maintain standard tracking.
CUST0022,41.0,40351.0,690.0,0.238004568343521,2,1,2200.0,0.291856121905722,Unemployed,14,Platinum,Chicago,Missed,Missed,On-time,On-time,Late,Missed,1,0.546064883215878,0.09212976643175597,Medium Risk,Risk is Medium (54.6%). Moderate risk profile.,Send payment reminders & monitor.
CUST0023,61.0,154487.0,321.0,0.173699835723167,0,0,81757.0,0.309530135387393,Unemployed,3,Gold,New York,Late,On-time,On-time,On-time,Late,On-time,0,0.06443636922085555,0.8711272615582889,Low Risk,Risk is Low (6.4%). Solid credit indicators.,Maintain standard tracking.
CUST0024,47.0,108468.0,538.0,0.81619085898064,2,1,45776.0,0.317053186038799,retired,7,Gold,Phoenix,Late,Late,Late,On-time,Late,Late,0,0.0951967484140263,0.8096065031719474,Low Risk,Risk is Low (9.5%). Solid credit indicators.,Maintain standard tracking.
CUST0025,55.0,41646.0,847.0,0.212566647851541,5,0,28018.0,0.23302681675116,retired,8,Standard,Los Angeles,On-time,Missed,Missed,Missed,Late,Late,0,0.09979216456449301,0.800415670871014,Low Risk,Risk is Low (10.0%). Solid credit indicators.,Maintain standard tracking.
CUST0026,19.0,193998.0,515.0,0.255552440584887,5,0,45776.0,0.259893133307691,EMP,12,Gold,Phoenix,Late,Missed,On-time,Late,Missed,On-time,0,0.17490959180687962,0.6501808163862408,Low Risk,Risk is Low (17.5%). Solid credit indicators.,Maintain standard tracking.
CUST0027,38.0,89740.0,789.0,0.295512924090846,0,0,89660.0,0.278324498351382,retired,8,Standard,Chicago,Missed,On-time,Missed,Missed,Missed,On-time,0,0.15275672049904096,0.694486559001918,Low Risk,Risk is Low (15.3%). Solid credit indicators.,Maintain standard tracking.
CUST0028,50.0,136790.0,525.0,0.915989184738104,3,0,43870.0,0.322971101680229,Employed,3,Business,New York,Missed,On-time,Late,Late,Missed,On-time,0,0.07415554834448744,0.8516889033110251,Low Risk,Risk is Low (7.4%). Solid credit indicators.,Maintain standard tracking.
CUST0029,29.0,86726.0,588.0,0.598676660082304,2,0,45776.0,0.296942098049653,Self-employed,16,Student,Houston,Late,Late,Missed,On-time,Late,On-time,0,0.0645572563490018,0.8708854873019964,Low Risk,Risk is Low (6.5%). Solid credit indicators.,Maintain standard tracking.
CUST0030,39.0,88523.0,523.0,0.693081594887076,3,0,29561.0,0.41730325338257,EMP,15,Platinum,Phoenix,Late,On-time,On-time,On-time,Late,On-time,0,0.08495077551841926,0.8300984489631615,Low Risk,Risk is Low (8.5%). Solid credit indicators.,Maintain standard tracking.
CUST0031,61.0,72458.0,374.0,0.539233509115745,3,0,60530.0,0.384711831897964,Employed,14,Student,Houston,On-time,Missed,Late,Missed,On-time,Missed,0,0.0737738397167773,0.8524523205664454,Low Risk,Risk is Low (7.4%). Solid credit indicators.,Maintain standard tracking.
CUST0032,42.0,60106.0,385.0,0.379622557759753,1,0,46663.0,0.280367244397462,Unemployed,2,Student,New York,On-time,Late,Late,On-time,On-time,Missed,0,0.09396932463434662,0.8120613507313068,Low Risk,Risk is Low (9.4%). Solid credit indicators.,Maintain standard tracking.
CUST0033,66.0,106362.0,806.0,0.626258256652033,0,1,11308.0,0.438178389745193,Unemployed,19,Business,Phoenix,Late,Late,Late,Late,Late,On-time,1,0.6910665126049587,0.3821330252099173,Medium Risk,Risk is Medium (69.1%). Moderate risk profile.,Send payment reminders & monitor.
CUST0034,44.0,99076.0,440.0,0.188676805840639,4,0,99005.0,0.487302062357545,EMP,4,Gold,Houston,Missed,Late,Late,Missed,On-time,Missed,0,0.12768988251783572,0.7446202349643285,Low Risk,Risk is Low (12.8%). Solid credit indicators.,Maintain standard tracking.
CUST0035,59.0,69693.0,316.0,0.280943309580701,5,1,60278.0,0.1,retired,4,Platinum,Houston,On-time,Missed,Late,Late,On-time,Late,1,0.5953317666780021,0.19066353335600428,Medium Risk,Risk is Medium (59.5%). Moderate risk profile.,Send payment reminders & monitor.
CUST0036,45.0,137402.0,464.0,0.646595035852296,5,0,65119.0,0.393229008506627,Unemployed,19,Gold,Phoenix,Missed,Missed,Missed,On-time,On-time,On-time,0,0.0761956836504909,0.8476086326990182,Low Risk,Risk is Low (7.6%). Solid credit indicators.,Maintain standard tracking.
CUST0037,33.0,53756.0,521.0,0.228548953834643,0,0,36029.0,0.23070158026685,employed,14,Student,New York,Late,Missed,Missed,On-time,On-time,Missed,0,0.021510991160782214,0.9569780176784356,Low Risk,Risk is Low (2.2%). Solid credit indicators.,Maintain standard tracking.
CUST0038,32.0,181319.0,467.0,0.462183706167625,6,0,62010.0,0.380074802132329,EMP,17,Standard,Houston,Missed,On-time,On-time,On-time,Missed,On-time,0,0.05708868890193972,0.8858226221961205,Low Risk,Risk is Low (5.7%). Solid credit indicators.,Maintain standard tracking.
CUST0039,64.0,183152.0,823.0,0.471297531128917,6,0,87164.0,0.423823794064643,Employed,14,Student,Chicago,Late,On-time,Late,Missed,Missed,On-time,0,0.0953479224592175,0.809304155081565,Low Risk,Risk is Low (9.5%). Solid credit indicators.,Maintain standard tracking.
CUST0040,68.0,97750.0,352.0,0.394267599332567,6,0,91432.0,0.212300740548944,EMP,1,Gold,Phoenix,On-time,Late,Late,On-time,On-time,On-time,0,0.10988152948653543,0.7802369410269292,Low Risk,Risk is Low (11.0%). Solid credit indicators.,Maintain standard tracking.
CUST0041,61.0,107658.0,372.0,0.109776305030228,4,0,44454.0,0.114767290098423,Self-employed,12,Student,Los Angeles,Late,Missed,Late,On-time,Late,Late,0,0.03685869961940934,0.9262826007611813,Low Risk,Risk is Low (3.7%). Solid credit indicators.,Maintain standard tracking.
CUST0042,72.0,81617.0,359.0,0.374214221762261,5,0,11564.0,0.383543408821586,retired,3,Standard,Los Angeles,Late,On-time,Late,On-time,Missed,Missed,0,0.11967633953249437,0.7606473209350113,Low Risk,Risk is Low (12.0%). Solid credit indicators.,Maintain standard tracking.
CUST0043,69.0,107658.0,792.0,0.335006324613502,0,1,11155.0,0.313540248248361,retired,9,Business,New York,On-time,Late,Late,Late,Missed,Missed,1,0.5349479012230436,0.06989580244608717,Medium Risk,Risk is Medium (53.5%). Moderate risk profile.,Send payment reminders & monitor.
CUST0044,74.0,66991.0,601.0,0.532287972657539,5,0,31198.0,0.133156124609737,EMP,12,Gold,Chicago,On-time,Late,On-time,Missed,Missed,Late,0,0.08838129930136365,0.8232374013972728,Low Risk,Risk is Low (8.8%). Solid credit indicators.,Maintain standard tracking.
CUST0045,20.0,106267.0,751.0,0.522098107739893,3,0,86447.0,0.552956450546282,Unemployed,9,Student,Houston,On-time,Missed,On-time,Late,On-time,Late,0,0.12385387178199452,0.7522922564360109,Low Risk,Risk is Low (12.4%). Solid credit indicators.,Maintain standard tracking.
CUST0046,54.0,59238.0,401.0,0.575592291987374,2,1,45776.0,0.362441941225655,Unemployed,8,Gold,Los Angeles,On-time,Late,Missed,Missed,Late,On-time,0,0.48059434435930604,0.03881131128138793,Medium Risk,Risk is Medium (48.1%). Moderate risk profile.,Send payment reminders & monitor.
CUST0047,68.0,153311.0,326.0,0.36480274540512,2,0,5626.0,0.367010004012515,employed,7,Business,New York,Missed,Missed,On-time,Late,Missed,Late,0,0.05292720859230132,0.8941455828153974,Low Risk,Risk is Low (5.3%). Solid credit indicators.,Maintain standard tracking.
CUST0048,24.0,146800.0,637.0,0.604555590093178,5,0,2687.0,0.436581775256204,employed,2,Student,Chicago,On-time,Late,On-time,Missed,On-time,On-time,0,0.18284607608263553,0.6343078478347289,Low Risk,Risk is Low (18.3%). Solid credit indicators.,Maintain standard tracking.
CUST0049,38.0,97750.0,691.0,0.188798653445263,1,0,63375.0,0.241917604715349,retired,15,Student,Chicago,Late,On-time,On-time,On-time,Missed,Late,0,0.05450784847680385,0.8909843030463923,Low Risk,Risk is Low (5.5%). Solid credit indicators.,Maintain standard tracking.
CUST0050,26.0,118033.0,469.0,0.135619053469529,4,0,92865.0,0.313045411208867,employed,13,Gold,New York,Late,Missed,Missed,Late,On-time,Missed,0,0.06425137803824439,0.8714972439235112,Low Risk,Risk is Low (6.4%). Solid credit indicators.,Maintain standard tracking.
CUST0051,56.0,169865.0,336.0,0.05,6,0,92183.0,0.168067808622023,Employed,8,Gold,New York,Missed,Late,On-time,Late,Late,On-time,0,0.07101258384441782,0.8579748323111643,Low Risk,Risk is Low (7.1%). Solid credit indicators.,Maintain standard tracking.
CUST0052,35.0,109074.0,383.0,0.4001405520856,4,0,45776.0,0.239205155271481,employed,10,Standard,Houston,Late,Missed,Late,Late,Missed,On-time,0,0.06740623856888077,0.8651875228622384,Low Risk,Risk is Low (6.7%). Solid credit indicators.,Maintain standard tracking.
CUST0053,21.0,185806.0,823.0,0.349340355132288,4,0,45776.0,0.338566000046923,Employed,2,Business,New York,Missed,Missed,Late,On-time,On-time,Missed,0,0.21570261179631336,0.5685947764073733,Low Risk,Risk is Low (21.6%). Solid credit indicators.,Maintain standard tracking.
CUST0054,42.0,194819.0,339.0,0.65786312237092,3,0,29427.0,0.133471533286754,employed,4,Standard,Houston,Late,Missed,On-time,On-time,On-time,Missed,0,0.06960204240387392,0.8607959151922522,Low Risk,Risk is Low (7.0%). Solid credit indicators.,Maintain standard tracking.
CUST0055,31.0,90353.0,711.0,0.370267482590226,4,0,69342.0,0.236371045432191,retired,9,Student,Houston,Late,On-time,On-time,On-time,Late,Late,0,0.03749695767442241,0.9250060846511552,Low Risk,Risk is Low (3.7%). Solid credit indicators.,Maintain standard tracking.
CUST0056,67.0,198401.0,715.0,0.554675269588853,2,0,17401.0,0.207206604006227,retired,12,Gold,Phoenix,On-time,Late,Late,On-time,Late,Late,0,0.1112028405334418,0.7775943189331164,Low Risk,Risk is Low (11.1%). Solid credit indicators.,Maintain standard tracking.
CUST0057,26.0,76629.0,673.0,0.662659315316615,3,0,35372.0,0.314209224562034,Employed,3,Student,Chicago,On-time,Late,Late,Late,Missed,On-time,0,0.07405166533165645,0.8518966693366871,Low Risk,Risk is Low (7.4%). Solid credit indicators.,Maintain standard tracking.
CUST0058,43.0,107193.0,843.0,0.362736184870176,0,0,70793.0,0.357470126166534,EMP,12,Student,Chicago,Missed,Missed,Missed,Missed,Late,On-time,0,0.24942580551008559,0.5011483889798288,Low Risk,Risk is Low (24.9%). Solid credit indicators.,Maintain standard tracking.
CUST0059,70.0,81040.0,401.0,0.559610442021435,4,0,63443.0,0.374215280437645,retired,11,Platinum,Chicago,Late,Missed,Missed,Missed,Late,Missed,0,0.1153512049361706,0.7692975901276589,Low Risk,Risk is Low (11.5%). Solid credit indicators.,Maintain standard tracking.
CUST0060,19.0,107658.0,538.0,0.700385509791039,4,0,37445.0,0.399881664477815,EMP,4,Platinum,Phoenix,On-time,Late,Missed,Late,Missed,On-time,0,0.2190138104678712,0.5619723790642577,Low Risk,Risk is Low (21.9%). Solid credit indicators.,Maintain standard tracking.
CUST0061,37.0,140899.0,826.0,0.252367445038886,0,1,64950.0,0.437211684657237,Unemployed,9,Student,Houston,On-time,Missed,Late,Missed,Missed,On-time,1,0.6873003411706974,0.37460068234139476,Medium Risk,Risk is Medium (68.7%). Moderate risk profile.,Send payment reminders & monitor.
CUST0062,45.0,184160.0,475.0,0.504970467648928,4,0,49893.0,0.36072454536834,Employed,8,Gold,Houston,Late,Missed,On-time,On-time,Missed,Missed,0,0.09055027827637435,0.8188994434472513,Low Risk,Risk is Low (9.1%). Solid credit indicators.,Maintain standard tracking.
CUST0063,64.0,155507.0,801.0,0.363593123360137,0,0,81202.0,0.488733589889441,retired,19,Student,New York,Missed,Late,Late,On-time,Late,On-time,0,0.3094035398856919,0.38119292022861617,Medium Risk,Risk is Medium (30.9%). Moderate risk profile.,Send payment reminders & monitor.
CUST0064,24.0,109074.0,739.0,0.265102023501372,3,0,54247.0,0.311950252126468,Self-employed,6,Platinum,Phoenix,Missed,Missed,Missed,Missed,On-time,Missed,0,0.10337136826412087,0.7932572634717583,Low Risk,Risk is Low (10.3%). Solid credit indicators.,Maintain standard tracking.
CUST0065,61.0,43251.0,773.0,0.192709651901954,2,0,86488.0,0.282667884574945,Unemployed,1,Gold,New York,On-time,Missed,Late,On-time,On-time,Late,0,0.12880303376319865,0.7423939324736026,Low Risk,Risk is Low (12.9%). Solid credit indicators.,Maintain standard tracking.
CUST0066,25.0,117634.0,815.0,0.261870285564259,0,0,95267.0,0.360730736336004,EMP,6,Student,Phoenix,Missed,On-time,Missed,Missed,Late,Missed,0,0.100464060640185,0.79907187871963,Low Risk,Risk is Low (10.0%). Solid credit indicators.,Maintain standard tracking.
CUST0067,64.0,107658.0,612.0,0.512005801150402,1,0,99005.0,0.278358882500741,retired,7,Business,New York,On-time,Late,On-time,Missed,On-time,On-time,0,0.12961655952408443,0.7407668809518311,Low Risk,Risk is Low (13.0%). Solid credit indicators.,Maintain standard tracking.
CUST0068,52.0,172164.0,600.0,0.17783110888765,0,0,7468.0,0.485256472877504,Employed,6,Business,Los Angeles,Missed,Missed,On-time,Late,Late,Missed,0,0.1632383703179849,0.6735232593640301,Low Risk,Risk is Low (16.3%). Solid credit indicators.,Maintain standard tracking.
CUST0069,31.0,107658.0,796.0,0.389854595182272,4,0,85026.0,0.413098347313521,employed,13,Student,Chicago,Missed,Late,Missed,Late,Late,Missed,0,0.14796541909741878,0.7040691618051624,Low Risk,Risk is Low (14.8%). Solid credit indicators.,Maintain standard tracking.
CUST0070,34.0,81617.0,822.0,0.662638881370579,6,0,24917.0,0.375027814419951,Self-employed,18,Gold,Chicago,Late,Missed,On-time,On-time,On-time,Missed,0,0.11096308780297287,0.7780738243940543,Low Risk,Risk is Low (11.1%). Solid credit indicators.,Maintain standard tracking.
CUST0071,53.0,196415.0,797.0,0.589802192683787,6,1,77348.0,0.313141934404135,EMP,4,Student,Houston,On-time,On-time,Missed,Missed,On-time,Late,1,0.5360425884285192,0.0720851768570383,Medium Risk,Risk is Medium (53.6%). Moderate risk profile.,Send payment reminders & monitor.
CUST0072,67.0,159572.0,371.0,0.393898475412368,3,0,16310.0,0.259252282858513,Unemployed,17,Student,Los Angeles,Missed,On-time,On-time,Missed,On-time,On-time,0,0.06530842689598931,0.8693831462080214,Low Risk,Risk is Low (6.5%). Solid credit indicators.,Maintain standard tracking.
CUST0073,57.0,136465.0,567.0,0.837938082671744,5,0,95303.0,0.370132500456776,Employed,19,Platinum,Chicago,Late,Late,Missed,On-time,On-time,Missed,0,0.08005744393357275,0.8398851121328545,Low Risk,Risk is Low (8.0%). Solid credit indicators.,Maintain standard tracking.
CUST0074,21.0,36447.0,448.0,0.878607282782332,3,0,13355.0,0.187290254815304,Self-employed,11,Business,Houston,On-time,On-time,Missed,Late,On-time,Missed,0,0.3012438822505329,0.3975122354989342,Medium Risk,Risk is Medium (30.1%). Moderate risk profile.,Send payment reminders & monitor.
CUST0075,19.0,159188.0,835.0,0.505224486307945,5,0,96507.0,0.453436353344102,Employed,16,Platinum,Los Angeles,On-time,On-time,On-time,Missed,On-time,On-time,0,0.12517540663800306,0.7496491867239938,Low Risk,Risk is Low (12.5%). Solid credit indicators.,Maintain standard tracking.
CUST0076,23.0,181267.0,542.0,0.05,6,0,24851.0,0.282236329461462,retired,12,Platinum,Chicago,Missed,Missed,Late,Missed,Late,On-time,0,0.0540303129686687,0.8919393740626627,Low Risk,Risk is Low (5.4%). Solid credit indicators.,Maintain standard tracking.
CUST0077,71.0,107658.0,611.0,0.677289639403251,6,0,23908.0,0.330510673324072,employed,1,Student,New York,Late,Missed,Late,On-time,Missed,Missed,0,0.082876449261872,0.834247101476256,Low Risk,Risk is Low (8.3%). Solid credit indicators.,Maintain standard tracking.
CUST0078,59.0,59425.0,577.0,0.05,0,0,65548.0,0.209039892380671,Unemployed,12,Platinum,Phoenix,Missed,On-time,On-time,On-time,On-time,On-time,0,0.036846455515172474,0.9263070889696551,Low Risk,Risk is Low (3.7%). Solid credit indicators.,Maintain standard tracking.
CUST0079,21.0,97844.0,728.0,0.795229222144013,2,0,82909.0,0.372298626311922,Employed,6,Business,Los Angeles,On-time,Missed,On-time,Late,On-time,Late,0,0.12385939088958224,0.7522812182208355,Low Risk,Risk is Low (12.4%). Solid credit indicators.,Maintain standard tracking.
CUST0080,71.0,115235.0,427.0,0.716716980148459,1,0,31454.0,0.254625838716167,EMP,9,Platinum,Houston,Missed,On-time,Late,On-time,On-time,Late,0,0.044471929145332864,0.9110561417093342,Low Risk,Risk is Low (4.4%). Solid credit indicators.,Maintain standard tracking.
CUST0081,46.0,189358.0,824.0,0.854842500827604,3,0,4617.0,0.364922879030509,retired,5,Business,Los Angeles,Missed,Late,Late,On-time,Late,On-time,0,0.14989880373687206,0.7002023925262559,Low Risk,Risk is Low (15.0%). Solid credit indicators.,Maintain standard tracking.
CUST0082,35.0,88847.0,686.0,0.552053111673545,4,0,92329.0,0.375739346897738,retired,2,Platinum,Houston,Late,Late,Missed,On-time,Late,Late,0,0.03587262767082365,0.9282547446583527,Low Risk,Risk is Low (3.6%). Solid credit indicators.,Maintain standard tracking.
CUST0083,43.0,172504.0,835.0,0.427722846563632,5,0,28298.0,0.235236788641145,Unemployed,2,Business,Los Angeles,On-time,Missed,Late,Late,Missed,Missed,0,0.2446017743543111,0.5107964512913779,Low Risk,Risk is Low (24.5%). Solid credit indicators.,Maintain standard tracking.
CUST0084,61.0,115235.0,820.0,0.409979773261955,4,0,10942.0,0.1876470879086,retired,17,Platinum,Houston,Late,Late,Missed,Late,Late,Late,0,0.11845293569526195,0.7630941286094761,Low Risk,Risk is Low (11.8%). Solid credit indicators.,Maintain standard tracking.
CUST0085,51.0,186230.0,336.0,0.39074796579382,2,0,51440.0,0.453189991654454,EMP,10,Platinum,Chicago,On-time,Missed,Late,On-time,Late,On-time,0,0.12209151466127922,0.7558169706774416,Low Risk,Risk is Low (12.2%). Solid credit indicators.,Maintain standard tracking.
CUST0086,27.0,80215.0,572.0,0.69621373073494,5,0,12707.0,0.280770096597091,Employed,19,Gold,New York,Missed,Missed,On-time,Late,Missed,On-time,0,0.058366563943567706,0.8832668721128646,Low Risk,Risk is Low (5.8%). Solid credit indicators.,Maintain standard tracking.
CUST0087,53.0,141131.0,601.0,0.642454297901175,3,1,92865.0,0.322484881604563,Unemployed,4,Business,Chicago,On-time,Missed,On-time,Late,On-time,Missed,0,0.4562592478883126,0.08748150422337475,Medium Risk,Risk is Medium (45.6%). Moderate risk profile.,Send payment reminders & monitor.
CUST0088,31.0,188416.0,680.0,0.524045126686842,0,0,35598.0,0.348546452464674,retired,18,Business,New York,On-time,Late,On-time,Late,Missed,On-time,0,0.131810825783565,0.73637834843287,Low Risk,Risk is Low (13.2%). Solid credit indicators.,Maintain standard tracking.
CUST0089,48.0,129585.0,458.0,0.355563738414605,4,0,51431.0,0.174629987010177,retired,18,Business,Chicago,On-time,Late,Missed,Late,Missed,On-time,0,0.05420194182777847,0.891596116344443,Low Risk,Risk is Low (5.4%). Solid credit indicators.,Maintain standard tracking.
CUST0090,65.0,127856.0,361.0,1.02584252626005,2,0,2200.0,0.346266613681988,EMP,14,Standard,Chicago,On-time,Late,On-time,Missed,Missed,On-time,0,0.0772340955326524,0.8455318089346953,Low Risk,Risk is Low (7.7%). Solid credit indicators.,Maintain standard tracking.
CUST0091,32.0,90353.0,664.0,0.682474922792573,3,0,20525.0,0.309912653615463,employed,15,Platinum,Los Angeles,On-time,Late,Late,On-time,On-time,Late,0,0.07490114737553961,0.8501977052489208,Low Risk,Risk is Low (7.5%). Solid credit indicators.,Maintain standard tracking.
CUST0092,25.0,18709.0,444.0,0.180457616045318,6,0,44437.0,0.23564693022956,employed,8,Business,Phoenix,Missed,Late,Late,On-time,On-time,Late,0,0.03222797202548255,0.9355440559490349,Low Risk,Risk is Low (3.2%). Solid credit indicators.,Maintain standard tracking.
CUST0093,31.0,90353.0,372.0,0.396748796812574,6,0,59192.0,0.184346401516227,retired,3,Standard,Houston,Late,Late,Missed,On-time,Missed,On-time,0,0.054076117119384745,0.8918477657612305,Low Risk,Risk is Low (5.4%). Solid credit indicators.,Maintain standard tracking.
CUST0094,40.0,107658.0,439.0,0.686355219481741,3,0,17401.0,0.360588554795727,Employed,14,Gold,Houston,On-time,Late,Missed,On-time,On-time,Late,0,0.061921766890391555,0.876156466219217,Low Risk,Risk is Low (6.2%). Solid credit indicators.,Maintain standard tracking.
CUST0095,74.0,35056.0,648.0,0.340092215753463,3,0,67236.0,0.412771200819487,Unemployed,11,Business,Houston,Missed,Late,Missed,Missed,Missed,On-time,0,0.10758439654417472,0.7848312069116505,Low Risk,Risk is Low (10.8%). Solid credit indicators.,Maintain standard tracking.
CUST0096,57.0,90353.0,306.0,0.570309591765177,3,0,11251.0,0.31785905173928,retired,2,Business,New York,On-time,Late,Missed,Late,Missed,Missed,0,0.13729986446090073,0.7254002710781986,Low Risk,Risk is Low (13.7%). Solid credit indicators.,Maintain standard tracking.
CUST0097,38.0,121357.0,742.0,0.690159260067229,5,0,8110.0,0.156553465815031,Self-employed,13,Standard,Houston,On-time,On-time,Missed,Missed,On-time,On-time,0,0.054131823105821805,0.8917363537883564,Low Risk,Risk is Low (5.4%). Solid credit indicators.,Maintain standard tracking.
CUST0098,33.0,152326.0,383.0,0.05,3,0,10778.0,0.194266718282526,Unemployed,16,Platinum,Houston,Missed,Late,On-time,On-time,Missed,On-time,0,0.07853480509244835,0.8429303898151033,Low Risk,Risk is Low (7.9%). Solid credit indicators.,Maintain standard tracking.
CUST0099,62.0,189197.0,639.0,0.478392460042149,4,1,50183.0,0.256787629067594,employed,18,Gold,Los Angeles,Missed,Late,On-time,Missed,On-time,Late,0,0.4211779718652404,0.15764405626951916,Medium Risk,Risk is Medium (42.1%). Moderate risk profile.,Send payment reminders & monitor.
CUST0100,35.0,54298.0,495.0,0.486241830713024,2,0,13355.0,0.456461974116075,retired,5,Business,Chicago,Late,Missed,Missed,Late,Late,Late,0,0.0751585381880799,0.8496829236238402,Low Risk,Risk is Low (7.5%). Solid credit indicators.,Maintain standard tracking.
CUST0101,64.0,106007.0,820.0,0.417585508863242,5,0,11061.0,0.275324933790112,EMP,3,Platinum,Houston,On-time,Late,Missed,Late,Late,Missed,0,0.152697869020068,0.694604261959864,Low Risk,Risk is Low (15.3%). Solid credit indicators.,Maintain standard tracking.
CUST0102,70.0,155734.0,563.0,0.560339026989208,3,0,79354.0,0.25314310772018,Self-employed,6,Gold,Phoenix,Late,Missed,Missed,Missed,Missed,On-time,0,0.23528174072244593,0.5294365185551082,Low Risk,Risk is Low (23.5%). Solid credit indicators.,Maintain standard tracking.
CUST0103,41.0,163216.0,429.0,0.631503921499174,1,1,45776.0,0.132651520032388,retired,18,Student,Houston,Late,Missed,Late,Late,Missed,On-time,0,0.1647305391871017,0.6705389216257966,Low Risk,Risk is Low (16.5%). Solid credit indicators.,Maintain standard tracking.
CUST0104,43.0,107658.0,679.0,0.528410188864921,1,0,60628.0,0.234331520988988,Employed,16,Student,New York,Late,On-time,Late,Late,Missed,Missed,0,0.08861106360421664,0.8227778727915667,Low Risk,Risk is Low (8.9%). Solid credit indicators.,Maintain standard tracking.
CUST0105,42.0,178165.0,383.0,0.425234521190113,2,0,45776.0,0.176706364600916,Self-employed,15,Gold,New York,Missed,On-time,Missed,On-time,On-time,Late,0,0.08052759610331785,0.8389448077933643,Low Risk,Risk is Low (8.1%). Solid credit indicators.,Maintain standard tracking.
CUST0106,62.0,99076.0,340.0,0.626524259956853,6,0,30443.0,0.199682016907719,retired,14,Standard,New York,Late,Late,Late,Missed,Missed,Missed,0,0.1040670411604694,0.7918659176790612,Low Risk,Risk is Low (10.4%). Solid credit indicators.,Maintain standard tracking.
CUST0107,58.0,117023.0,339.0,0.509810681854871,0,0,42556.0,0.311995068015874,Employed,7,Gold,Houston,On-time,On-time,Late,Late,Late,On-time,0,0.1177861932378125,0.764427613524375,Low Risk,Risk is Low (11.8%). Solid credit indicators.,Maintain standard tracking.
CUST0108,46.0,127816.0,820.0,0.453859917360904,0,0,94000.0,0.259883579438882,Self-employed,18,Gold,Los Angeles,Missed,Missed,Late,On-time,On-time,Missed,0,0.09693740738383434,0.8061251852323313,Low Risk,Risk is Low (9.7%). Solid credit indicators.,Maintain standard tracking.
CUST0109,32.0,19748.0,354.0,0.237544122932216,6,0,29584.0,0.469949445267134,Employed,7,Standard,Phoenix,Missed,Late,On-time,Late,Missed,Late,0,0.06216119549683967,0.8756776090063206,Low Risk,Risk is Low (6.2%). Solid credit indicators.,Maintain standard tracking.
CUST0110,62.0,170026.0,523.0,0.187469042946784,5,0,64950.0,0.407800337270747,Employed,17,Standard,Houston,Missed,Missed,On-time,Late,On-time,On-time,0,0.07299136818107807,0.8540172636378438,Low Risk,Risk is Low (7.3%). Solid credit indicators.,Maintain standard tracking.
CUST0111,18.0,43732.0,474.0,0.233754041457185,5,0,76774.0,0.239111606218966,Self-employed,15,Platinum,Los Angeles,Missed,Missed,On-time,Late,Late,Late,0,0.03567546254320621,0.9286490749135876,Low Risk,Risk is Low (3.6%). Solid credit indicators.,Maintain standard tracking.
CUST0112,42.0,16015.0,332.0,0.555665812244043,5,0,8828.0,0.208318215825948,Self-employed,19,Platinum,Los Angeles,Late,Missed,Late,Late,Late,On-time,0,0.10721762686998212,0.7855647462600357,Low Risk,Risk is Low (10.7%). Solid credit indicators.,Maintain standard tracking.
CUST0113,24.0,153311.0,475.0,0.484184250478729,0,1,692.0,0.438264193566419,Employed,18,Standard,Houston,Missed,Late,Late,Late,Missed,On-time,1,0.6966309519612534,0.3932619039225067,Medium Risk,Risk is Medium (69.7%). Moderate risk profile.,Send payment reminders & monitor.
CUST0114,26.0,107658.0,725.0,0.203943180358507,1,0,77743.0,0.466004248948348,employed,9,Student,Houston,On-time,Late,Late,Late,On-time,On-time,0,0.1566148029222038,0.6867703941555924,Low Risk,Risk is Low (15.7%). Solid credit indicators.,Maintain standard tracking.
CUST0115,41.0,138961.0,826.0,0.629183565158762,0,0,32588.0,0.1,Self-employed,16,Student,Los Angeles,On-time,On-time,Missed,Late,Missed,Late,0,0.19358157228011993,0.6128368554397601,Low Risk,Risk is Low (19.4%). Solid credit indicators.,Maintain standard tracking.
CUST0116,18.0,121884.0,586.0,0.774861902635819,4,0,45776.0,0.30928576239717,retired,12,Gold,Los Angeles,On-time,Late,Late,Late,Missed,Late,0,0.09282295157261512,0.8143540968547698,Low Risk,Risk is Low (9.3%). Solid credit indicators.,Maintain standard tracking.
CUST0117,61.0,19835.0,629.0,0.380301276656732,3,1,55980.0,0.274812169210327,Unemployed,12,Business,Los Angeles,Late,Late,Missed,Missed,Missed,Missed,0,0.17284865664454352,0.654302686710913,Low Risk,Risk is Low (17.3%). Solid credit indicators.,Maintain standard tracking.
CUST0118,25.0,84724.0,655.0,0.151803628526325,5,0,22510.0,0.364912014005993,EMP,6,Gold,Houston,Late,Late,On-time,Late,On-time,Late,0,0.03217988141927383,0.9356402371614523,Low Risk,Risk is Low (3.2%). Solid credit indicators.,Maintain standard tracking.
CUST0119,41.0,125448.0,644.0,0.358174723019617,1,1,82909.0,0.49426681241615,Employed,9,Gold,Los Angeles,On-time,Late,On-time,Missed,Late,Missed,1,0.550752710200356,0.10150542040071198,Medium Risk,Risk is Medium (55.1%). Moderate risk profile.,Send payment reminders & monitor.
CUST0120,28.0,134156.0,584.0,0.670892125358938,2,0,30509.0,0.25159429806722,Employed,1,Business,New York,Late,Missed,Late,Late,On-time,Missed,0,0.1923257332114278,0.6153485335771445,Low Risk,Risk is Low (19.2%). Solid credit indicators.,Maintain standard tracking.
CUST0121,68.0,190333.0,526.0,0.609705971706954,2,0,45776.0,0.1,EMP,3,Standard,Houston,Missed,On-time,Missed,On-time,On-time,Missed,0,0.06778812919499183,0.8644237416100163,Low Risk,Risk is Low (6.8%). Solid credit indicators.,Maintain standard tracking.
CUST0122,34.0,125226.0,354.0,0.315513462797704,3,0,35598.0,0.357900770014926,employed,5,Student,New York,Late,On-time,On-time,Late,Missed,On-time,0,0.03518377641238121,0.9296324471752375,Low Risk,Risk is Low (3.5%). Solid credit indicators.,Maintain standard tracking.
CUST0123,25.0,80953.0,623.0,0.804234427552948,1,1,71588.0,0.43899640686042,EMP,17,Gold,Chicago,On-time,On-time,Missed,Missed,On-time,Missed,1,0.5344633878141386,0.0689267756282772,Medium Risk,Risk is Medium (53.4%). Moderate risk profile.,Send payment reminders & monitor.
CUST0124,52.0,129692.0,522.0,0.769656013185279,0,0,36955.0,0.269624021848022,Self-employed,5,Business,Houston,Late,On-time,On-time,Late,On-time,Late,0,0.130877920259091,0.738244159481818,Low Risk,Risk is Low (13.1%). Solid credit indicators.,Maintain standard tracking.
CUST0125,52.0,199402.0,427.0,0.353398787344671,0,1,45776.0,0.229496251986033,EMP,16,Platinum,Chicago,On-time,On-time,Late,On-time,Missed,Missed,1,0.5794826378807629,0.15896527576152586,Medium Risk,Risk is Medium (57.9%). Moderate risk profile.,Send payment reminders & monitor.
CUST0126,50.0,90880.0,800.0,0.351341999407006,4,1,89537.0,0.25627405946223,Employed,13,Gold,Los Angeles,On-time,On-time,Missed,Late,On-time,Late,1,0.5428616197007283,0.08572323940145665,Medium Risk,Risk is Medium (54.3%). Moderate risk profile.,Send payment reminders & monitor.
CUST0127,22.0,118081.0,623.0,0.381434412524102,4,0,16034.0,0.385020536713123,EMP,10,Student,Los Angeles,Late,On-time,Late,Missed,Late,On-time,0,0.23308921598060622,0.5338215680387876,Low Risk,Risk is Low (23.3%). Solid credit indicators.,Maintain standard tracking.
CUST0128,59.0,115497.0,693.0,0.39853344492229,0,0,89537.0,0.254553905871501,Unemployed,18,Standard,Phoenix,On-time,Late,Late,Missed,Missed,Late,0,0.05840551000031549,0.8831889799993691,Low Risk,Risk is Low (5.8%). Solid credit indicators.,Maintain standard tracking.
CUST0129,56.0,199402.0,777.0,0.690107601585688,2,1,96507.0,0.332876030034284,retired,1,Gold,Los Angeles,Late,Missed,On-time,Missed,Missed,Missed,1,0.592931356115946,0.1858627122318921,Medium Risk,Risk is Medium (59.3%). Moderate risk profile.,Send payment reminders & monitor.
CUST0130,58.0,166836.0,781.0,0.585065812095318,5,0,76445.0,0.302780291573994,Self-employed,2,Gold,Chicago,On-time,On-time,Missed,Missed,Late,Missed,0,0.1836809584394499,0.6326380831211003,Low Risk,Risk is Low (18.4%). Solid credit indicators.,Maintain standard tracking.
CUST0131,45.0,187627.0,766.0,0.675415753870117,2,0,20052.0,0.292462038757723,EMP,10,Business,Los Angeles,On-time,On-time,On-time,On-time,Missed,Late,0,0.11169541982548747,0.776609160349025,Low Risk,Risk is Low (11.2%). Solid credit indicators.,Maintain standard tracking.
CUST0132,24.0,73141.0,717.0,0.63471302863734,4,0,36913.0,0.370129232675223,Employed,5,Platinum,Houston,Late,Late,Missed,Late,Missed,On-time,0,0.0748586581107534,0.8502826837784931,Low Risk,Risk is Low (7.5%). Solid credit indicators.,Maintain standard tracking.
CUST0133,26.0,180983.0,427.0,0.842905413638746,3,0,77209.0,0.25214201001358,retired,13,Platinum,Los Angeles,Missed,Late,Missed,Late,Missed,Late,0,0.07297349543578494,0.8540530091284302,Low Risk,Risk is Low (7.3%). Solid credit indicators.,Maintain standard tracking.
CUST0134,25.0,168772.0,388.0,0.288122891238171,0,1,94363.0,0.256941343981772,Self-employed,18,Standard,Phoenix,Missed,On-time,On-time,Missed,Missed,Missed,0,0.1696072729790483,0.6607854540419034,Low Risk,Risk is Low (17.0%). Solid credit indicators.,Maintain standard tracking.
CUST0135,29.0,16252.0,441.0,0.576071706076783,4,0,96056.0,0.379760284999975,Employed,15,Student,Los Angeles,Late,On-time,Late,On-time,Missed,Late,0,0.049003895905164886,0.9019922081896702,Low Risk,Risk is Low (4.9%). Solid credit indicators.,Maintain standard tracking.
CUST0136,51.0,118333.0,346.0,0.0652357487530604,4,0,20081.0,0.201307467583134,employed,6,Standard,Chicago,On-time,On-time,Missed,Missed,Missed,Late,0,0.0720216194292245,0.8559567611415511,Low Risk,Risk is Low (7.2%). Solid credit indicators.,Maintain standard tracking.
CUST0137,50.0,192247.0,387.0,0.236608885180628,5,0,28730.0,0.211977980917767,Unemployed,7,Gold,Chicago,Missed,Missed,On-time,Missed,On-time,On-time,0,0.08093991076504915,0.8381201784699017,Low Risk,Risk is Low (8.1%). Solid credit indicators.,Maintain standard tracking.
CUST0138,65.0,199294.0,505.0,0.48502932281303,0,0,85107.0,0.17396857086564,employed,18,Gold,Los Angeles,Late,Late,Missed,Missed,On-time,On-time,0,0.10066255909076938,0.7986748818184612,Low Risk,Risk is Low (10.1%). Solid credit indicators.,Maintain standard tracking.
CUST0139,72.0,138961.0,402.0,0.583641322550907,5,1,42556.0,0.384901091327655,Unemployed,19,Platinum,Chicago,Missed,On-time,On-time,Late,Late,On-time,0,0.4432521231958955,0.11349575360820896,Medium Risk,Risk is Medium (44.3%). Moderate risk profile.,Send payment reminders & monitor.
CUST0140,40.0,129548.0,794.0,0.479636851594086,0,0,16693.0,0.289476303191873,EMP,15,Student,Chicago,On-time,On-time,On-time,Late,Late,On-time,0,0.11453429369913808,0.7709314126017238,Low Risk,Risk is Low (11.5%). Solid credit indicators.,Maintain standard tracking.
CUST0141,41.0,58088.0,567.0,0.386561516237464,5,0,10951.0,0.168638485392093,Self-employed,6,Business,Phoenix,On-time,Late,Missed,On-time,Missed,On-time,0,0.05208555256665118,0.8958288948666977,Low Risk,Risk is Low (5.2%). Solid credit indicators.,Maintain standard tracking.
CUST0142,54.0,30485.0,617.0,0.422116424501392,2,0,76861.0,0.385380856230906,EMP,8,Student,Houston,Late,On-time,Missed,Late,Missed,Late,0,0.09715069205217464,0.8056986158956507,Low Risk,Risk is Low (9.7%). Solid credit indicators.,Maintain standard tracking.
CUST0143,52.0,178165.0,823.0,0.77388819528482,3,0,19977.0,0.244445783842456,Unemployed,12,Gold,Phoenix,On-time,Late,On-time,Missed,On-time,Late,0,0.11452374576253704,0.7709525084749259,Low Risk,Risk is Low (11.5%). Solid credit indicators.,Maintain standard tracking.
CUST0144,61.0,77292.0,414.0,0.423193564423971,3,1,60348.0,0.212832192116311,Unemployed,0,Business,New York,On-time,Late,Missed,On-time,On-time,On-time,1,0.5547377758859227,0.10947555177184531,Medium Risk,Risk is Medium (55.5%). Moderate risk profile.,Send payment reminders & monitor.
CUST0145,57.0,107658.0,694.0,0.849848324408705,0,0,3494.0,0.280432144112304,Unemployed,7,Student,Phoenix,On-time,Missed,On-time,Missed,Late,On-time,0,0.15748034263468966,0.6850393147306206,Low Risk,Risk is Low (15.7%). Solid credit indicators.,Maintain standard tracking.
CUST0146,39.0,41790.0,681.0,0.658803414708226,1,0,17913.0,0.447872360946789,retired,3,Student,Los Angeles,Missed,Late,On-time,Late,Late,Missed,0,0.156354721402635,0.68729055719473,Low Risk,Risk is Low (15.6%). Solid credit indicators.,Maintain standard tracking.
CUST0147,44.0,31364.0,757.0,0.591507469229646,6,0,10942.0,0.260503780350342,Employed,2,Business,Houston,Late,On-time,Late,Missed,Late,On-time,0,0.18644967970239892,0.6271006405952022,Low Risk,Risk is Low (18.6%). Solid credit indicators.,Maintain standard tracking.
CUST0148,52.0,129692.0,826.0,0.2612806179358,4,1,5539.0,0.357533886411558,Self-employed,2,Gold,Los Angeles,Missed,Late,Missed,Late,Late,Late,1,0.5415213531996774,0.08304270639935485,Medium Risk,Risk is Medium (54.2%). Moderate risk profile.,Send payment reminders & monitor.
CUST0149,18.0,15404.0,588.0,0.687047632279925,4,0,91432.0,0.372708002045095,EMP,12,Student,New York,On-time,On-time,On-time,Late,On-time,On-time,0,0.11932026087683857,0.7613594782463229,Low Risk,Risk is Low (11.9%). Solid credit indicators.,Maintain standard tracking.
CUST0150,52.0,32955.0,302.0,0.4012458844503,0,0,19796.0,0.34432732980064,EMP,7,Business,Houston,Late,On-time,On-time,Late,On-time,Late,0,0.08930414387015691,0.8213917122596862,Low Risk,Risk is Low (8.9%). Solid credit indicators.,Maintain standard tracking.
CUST0151,54.0,53513.0,328.0,0.26111204839886,5,0,95276.0,0.427107164967426,employed,6,Gold,Chicago,On-time,Late,Late,Missed,Late,Missed,0,0.1284019777330416,0.7431960445339167,Low Risk,Risk is Low (12.8%). Solid credit indicators.,Maintain standard tracking.
CUST0152,64.0,189197.0,524.0,0.602568722615875,1,1,6118.0,0.229288399536772,Unemployed,0,Business,Phoenix,On-time,Missed,On-time,Late,On-time,Late,0,0.2710389245980056,0.4579221508039888,Low Risk,Risk is Low (27.1%). Solid credit indicators.,Maintain standard tracking.
CUST0153,31.0,97986.0,326.0,0.222410787886692,2,0,34897.0,0.195666515694966,Unemployed,15,Business,Los Angeles,On-time,Late,Missed,On-time,Missed,Missed,0,0.03873197866861369,0.9225360426627727,Low Risk,Risk is Low (3.9%). Solid credit indicators.,Maintain standard tracking.
CUST0154,20.0,107658.0,718.0,0.347551707574083,5,0,39006.0,0.1937033343975,Unemployed,5,Student,New York,On-time,Missed,Missed,Late,Late,Missed,0,0.03496033569795072,0.9300793286040986,Low Risk,Risk is Low (3.5%). Solid credit indicators.,Maintain standard tracking.
CUST0155,18.0,116570.0,823.0,0.497976817706217,5,0,36342.0,0.28555315847002,EMP,6,Gold,Chicago,Missed,Missed,Missed,Late,Late,Late,0,0.23746765226537608,0.5250646954692478,Low Risk,Risk is Low (23.7%). Solid credit indicators.,Maintain standard tracking.
CUST0156,22.0,119185.0,711.0,0.943684284822945,0,0,44454.0,0.205295334215947,employed,11,Student,Phoenix,Late,Missed,On-time,Late,Missed,Missed,0,0.11567746546624688,0.7686450690675062,Low Risk,Risk is Low (11.6%). Solid credit indicators.,Maintain standard tracking.
CUST0157,43.0,136465.0,823.0,0.362616848841502,0,0,92381.0,0.314754091186532,Employed,8,Standard,Chicago,On-time,Late,Late,Late,Late,Missed,0,0.22858037476027754,0.5428392504794449,Low Risk,Risk is Low (22.9%). Solid credit indicators.,Maintain standard tracking.
CUST0158,72.0,21801.0,805.0,0.408356696139884,4,1,95267.0,0.307698841972489,retired,10,Standard,Phoenix,On-time,On-time,Late,Late,Missed,Missed,1,0.5762014253635193,0.15240285072703852,Medium Risk,Risk is Medium (57.6%). Moderate risk profile.,Send payment reminders & monitor.
CUST0159,31.0,15404.0,316.0,0.646469010884329,0,0,71791.0,0.401857330318604,Self-employed,9,Gold,Houston,Late,On-time,On-time,On-time,Missed,On-time,0,0.12480948352722546,0.7503810329455491,Low Risk,Risk is Low (12.5%). Solid credit indicators.,Maintain standard tracking.
CUST0160,56.0,54081.0,566.0,0.25234086232479,0,0,43927.0,0.329114430823604,Employed,0,Business,Chicago,On-time,Late,Missed,On-time,Late,On-time,0,0.14851145356959702,0.7029770928608059,Low Risk,Risk is Low (14.9%). Solid credit indicators.,Maintain standard tracking.
CUST0161,44.0,74494.0,319.0,0.588561276204183,0,0,48397.0,0.258384814413855,EMP,17,Student,Chicago,On-time,Late,Missed,On-time,On-time,Late,0,0.0919769390006816,0.8160461219986368,Low Risk,Risk is Low (9.2%). Solid credit indicators.,Maintain standard tracking.
CUST0162,26.0,89740.0,385.0,0.741185361523317,4,0,96485.0,0.341084920443268,retired,3,Student,Chicago,Late,Missed,Missed,Late,On-time,Late,0,0.14479837633526915,0.7104032473294617,Low Risk,Risk is Low (14.5%). Solid credit indicators.,Maintain standard tracking.
CUST0163,32.0,116570.0,402.0,0.438581023057779,2,0,26000.0,0.196980598010205,retired,4,Gold,Houston,Missed,Missed,On-time,Late,Late,Late,0,0.13717321508394686,0.7256535698321063,Low Risk,Risk is Low (13.7%). Solid credit indicators.,Maintain standard tracking.
CUST0164,32.0,117795.0,670.0,0.705230856279373,2,1,14417.0,0.296185931197568,retired,8,Gold,New York,Missed,Missed,On-time,Missed,On-time,On-time,0,0.0905648546648708,0.8188702906702584,Low Risk,Risk is Low (9.1%). Solid credit indicators.,Maintain standard tracking.
CUST0165,43.0,97844.0,391.0,0.558289984642361,6,0,45776.0,0.331940123359558,Unemployed,16,Standard,Phoenix,Missed,Late,Late,Missed,Missed,Late,0,0.036428341033636624,0.9271433179327268,Low Risk,Risk is Low (3.6%). Solid credit indicators.,Maintain standard tracking.
CUST0166,59.0,100999.0,457.0,0.353863607239243,6,0,50989.0,0.312931759815012,Self-employed,2,Platinum,Chicago,Missed,Missed,Late,On-time,Late,Missed,0,0.09227873676759911,0.8154425264648018,Low Risk,Risk is Low (9.2%). Solid credit indicators.,Maintain standard tracking.
CUST0167,30.0,21970.0,328.0,0.460439062820698,0,0,85107.0,0.341506509493598,EMP,15,Gold,Houston,On-time,On-time,Missed,Missed,Late,On-time,0,0.20605757528058904,0.5878848494388219,Low Risk,Risk is Low (20.6%). Solid credit indicators.,Maintain standard tracking.
CUST0168,68.0,185883.0,604.0,0.424048532003951,6,0,13761.0,0.23559539842872,EMP,4,Platinum,New York,On-time,Late,Missed,Missed,On-time,Late,0,0.09681880293932549,0.806362394121349,Low Risk,Risk is Low (9.7%). Solid credit indicators.,Maintain standard tracking.
CUST0169,49.0,53513.0,339.0,0.482472348436704,4,0,26549.0,0.415203140280951,retired,15,Gold,Phoenix,On-time,Late,Missed,On-time,Missed,Late,0,0.0738958573776105,0.852208285244779,Low Risk,Risk is Low (7.4%). Solid credit indicators.,Maintain standard tracking.
CUST0170,56.0,150230.0,766.0,0.530543579843965,2,0,5539.0,0.48221689493957,EMP,2,Business,Houston,On-time,Missed,On-time,On-time,Late,On-time,0,0.13944849318176383,0.7211030136364723,Low Risk,Risk is Low (13.9%). Solid credit indicators.,Maintain standard tracking.
CUST0171,66.0,38959.0,310.0,0.617639986994371,5,1,67460.0,0.13973238551414,Self-employed,19,Business,Phoenix,Missed,Late,Late,Missed,Late,On-time,0,0.17308444377571683,0.6538311124485663,Low Risk,Risk is Low (17.3%). Solid credit indicators.,Maintain standard tracking.
CUST0172,69.0,172504.0,677.0,0.601733649917427,2,0,98999.0,0.178440200404575,Self-employed,14,Standard,Chicago,Missed,On-time,On-time,Missed,On-time,Late,0,0.0875168220737622,0.8249663558524756,Low Risk,Risk is Low (8.8%). Solid credit indicators.,Maintain standard tracking.
CUST0173,49.0,101188.0,818.0,0.05,2,0,74403.0,0.304308300802438,employed,2,Standard,New York,On-time,On-time,Missed,On-time,On-time,Late,0,0.11248189976256422,0.7750362004748715,Low Risk,Risk is Low (11.2%). Solid credit indicators.,Maintain standard tracking.
CUST0174,21.0,47217.0,383.0,0.480538362245594,4,1,31316.0,0.274344901944712,employed,19,Platinum,Houston,On-time,Late,On-time,Missed,Missed,Missed,1,0.5696346134632918,0.1392692269265836,Medium Risk,Risk is Medium (57.0%). Moderate risk profile.,Send payment reminders & monitor.
CUST0175,47.0,72458.0,407.0,0.198115617318647,6,0,37445.0,0.489641240577278,Employed,13,Gold,New York,Late,Missed,Missed,Late,Late,Late,0,0.13269516594516595,0.7346096681096681,Low Risk,Risk is Low (13.3%). Solid credit indicators.,Maintain standard tracking.
CUST0176,54.0,76476.0,788.0,0.444854549506534,5,0,69963.0,0.321978432342446,Self-employed,15,Student,Chicago,On-time,Missed,Late,Missed,Missed,Late,0,0.09537901453832727,0.8092419709233455,Low Risk,Risk is Low (9.5%). Solid credit indicators.,Maintain standard tracking.
CUST0177,40.0,159356.0,339.0,0.475242082437816,4,0,68636.0,0.439254525372595,Self-employed,16,Standard,New York,Late,On-time,Missed,On-time,Missed,Late,0,0.1276856316911021,0.7446287366177957,Low Risk,Risk is Low (12.8%). Solid credit indicators.,Maintain standard tracking.
CUST0178,56.0,165580.0,447.0,0.695229671616941,0,0,45776.0,0.1,Self-employed,19,Student,New York,Late,Late,Late,Late,On-time,On-time,0,0.08564815174489576,0.8287036965102085,Low Risk,Risk is Low (8.6%). Solid credit indicators.,Maintain standard tracking.
CUST0179,62.0,108610.0,446.0,0.49397690657998,3,0,11061.0,0.381416948333235,employed,17,Student,Los Angeles,Late,Late,Missed,Late,On-time,Missed,0,0.063674241540184,0.872651516919632,Low Risk,Risk is Low (6.4%). Solid credit indicators.,Maintain standard tracking.
CUST0180,32.0,182280.0,467.0,0.551843603668652,2,0,74433.0,0.228448318074167,retired,17,Gold,New York,Late,Late,On-time,Late,Missed,Missed,0,0.10271309442373369,0.7945738111525327,Low Risk,Risk is Low (10.3%). Solid credit indicators.,Maintain standard tracking.
CUST0181,60.0,127816.0,638.0,0.658611276131485,3,0,50183.0,0.226845743038034,retired,13,Platinum,Phoenix,On-time,Missed,Late,Missed,On-time,Late,0,0.07393211412888609,0.8521357717422278,Low Risk,Risk is Low (7.4%). Solid credit indicators.,Maintain standard tracking.
CUST0182,46.0,149415.0,605.0,0.74555045196386,4,0,30549.0,0.275164197358787,EMP,17,Gold,Houston,Late,Late,On-time,Missed,Missed,On-time,0,0.12212035238099196,0.7557592952380161,Low Risk,Risk is Low (12.2%). Solid credit indicators.,Maintain standard tracking.
CUST0183,53.0,120616.0,469.0,0.475397215328617,4,0,69666.0,0.15754163602689,retired,14,Standard,Los Angeles,Late,Missed,Late,Missed,On-time,Missed,0,0.05937112319091769,0.8812577536181646,Low Risk,Risk is Low (5.9%). Solid credit indicators.,Maintain standard tracking.
CUST0184,30.0,199943.0,429.0,0.518835888336081,4,0,10951.0,0.344278552532185,Unemployed,14,Student,Houston,Late,Late,Late,Missed,Late,Missed,0,0.09647735411626596,0.8070452917674681,Low Risk,Risk is Low (9.6%). Solid credit indicators.,Maintain standard tracking.
CUST0185,49.0,178551.0,811.0,0.50200466044845,3,0,47721.0,0.319071496671679,employed,5,Gold,Houston,On-time,Late,On-time,Missed,Late,Late,0,0.11489773287706255,0.7702045342458749,Low Risk,Risk is Low (11.5%). Solid credit indicators.,Maintain standard tracking.
CUST0186,24.0,68932.0,792.0,0.391480207113784,4,0,84521.0,0.326619224818727,Self-employed,14,Gold,Chicago,On-time,On-time,Missed,Late,Late,On-time,0,0.1120164581905843,0.7759670836188314,Low Risk,Risk is Low (11.2%). Solid credit indicators.,Maintain standard tracking.
CUST0187,68.0,23702.0,401.0,0.346176955311522,0,0,31198.0,0.38870310221329,retired,17,Gold,Chicago,Late,Late,Missed,On-time,On-time,On-time,0,0.20864306772066932,0.5827138645586614,Low Risk,Risk is Low (20.9%). Solid credit indicators.,Maintain standard tracking.
CUST0188,39.0,107658.0,826.0,0.05,4,1,7796.0,0.451478204619415,employed,3,Standard,Los Angeles,Missed,On-time,Late,On-time,On-time,Late,1,0.618087895313333,0.23617579062666594,Medium Risk,Risk is Medium (61.8%). Moderate risk profile.,Send payment reminders & monitor.
CUST0189,45.0,67528.0,526.0,0.284667813095134,1,0,64950.0,0.263628895091245,retired,7,Platinum,Chicago,On-time,On-time,On-time,Late,Missed,Late,0,0.10820320019673231,0.7835935996065354,Low Risk,Risk is Low (10.8%). Solid credit indicators.,Maintain standard tracking.
CUST0190,19.0,162851.0,523.0,0.144273833358039,6,0,44437.0,0.347735063973647,Employed,14,Gold,Chicago,Missed,On-time,On-time,Late,On-time,Late,0,0.06993079028341176,0.8601384194331765,Low Risk,Risk is Low (7.0%). Solid credit indicators.,Maintain standard tracking.
CUST0191,59.0,183513.0,800.0,0.75103969689065,3,1,49016.0,0.329298820833497,Self-employed,2,Standard,Chicago,Missed,On-time,Late,Late,Late,On-time,0,0.4813597954933831,0.03728040901323382,Medium Risk,Risk is Medium (48.1%). Moderate risk profile.,Send payment reminders & monitor.
CUST0192,62.0,42192.0,301.0,0.537683201659485,1,0,45776.0,0.337761450632894,Employed,14,Student,Houston,Missed,Missed,Late,Missed,On-time,Late,0,0.14807728822056584,0.7038454235588683,Low Risk,Risk is Low (14.8%). Solid credit indicators.,Maintain standard tracking.
CUST0193,74.0,32019.0,475.0,0.474812205410633,4,0,22835.0,0.339259766446598,Self-employed,12,Business,Los Angeles,On-time,On-time,On-time,On-time,Missed,Missed,0,0.12976838339553248,0.740463233208935,Low Risk,Risk is Low (13.0%). Solid credit indicators.,Maintain standard tracking.
CUST0194,70.0,67638.0,612.0,0.356502962783783,0,0,34897.0,0.459050334456483,employed,8,Standard,Houston,Missed,Late,Missed,Missed,Missed,Missed,0,0.25048743082911823,0.49902513834176354,Low Risk,Risk is Low (25.0%). Solid credit indicators.,Maintain standard tracking.
CUST0195,23.0,198401.0,820.0,0.505955852646924,2,1,42556.0,0.25403231315107,EMP,1,Business,Phoenix,Missed,Missed,Missed,Late,On-time,Late,1,0.5603940082203855,0.12078801644077108,Medium Risk,Risk is Medium (56.0%). Moderate risk profile.,Send payment reminders & monitor.
CUST0196,45.0,153429.0,836.0,0.330404024468933,5,0,45776.0,0.147426409679631,retired,7,Gold,Houston,Late,On-time,Missed,Late,Late,Missed,0,0.12871968925487115,0.7425606214902577,Low Risk,Risk is Low (12.9%). Solid credit indicators.,Maintain standard tracking.
CUST0197,45.0,141020.0,670.0,0.53480371132412,6,0,39259.0,0.230212623138411,retired,19,Gold,Phoenix,On-time,Late,On-time,Missed,Late,Missed,0,0.14444065140371118,0.7111186971925776,Low Risk,Risk is Low (14.4%). Solid credit indicators.,Maintain standard tracking.
CUST0198,61.0,59238.0,847.0,0.54914679658427,5,1,22835.0,0.37572669335354,Unemployed,16,Standard,New York,On-time,Missed,Missed,On-time,On-time,On-time,0,0.13514258588601497,0.7297148282279701,Low Risk,Risk is Low (13.5%). Solid credit indicators.,Maintain standard tracking.
CUST0199,61.0,88847.0,751.0,0.327723259528651,4,0,72809.0,0.302332950864717,Employed,12,Business,New York,Missed,Late,Late,On-time,Missed,Missed,0,0.09387054754555485,0.8122589049088903,Low Risk,Risk is Low (9.4%). Solid credit indicators.,Maintain standard tracking.
CUST0200,37.0,69098.0,648.0,0.323907607035518,6,0,85014.0,0.2532400659505,retired,0,Gold,Phoenix,Late,Late,Missed,On-time,On-time,Late,0,0.06565053900348018,0.8686989219930397,Low Risk,Risk is Low (6.6%). Solid credit indicators.,Maintain standard tracking.
CUST0201,47.0,62295.0,383.0,0.692439870919023,6,0,49016.0,0.192350273159035,employed,1,Student,Phoenix,On-time,Late,Late,Late,Missed,On-time,0,0.14282810221918923,0.7143437955616215,Low Risk,Risk is Low (14.3%). Solid credit indicators.,Maintain standard tracking.
CUST0202,28.0,164143.0,310.0,0.489428009141739,0,0,95376.0,0.322128612173053,EMP,14,Platinum,Houston,Missed,Missed,Missed,Missed,On-time,Missed,0,0.07579255971875361,0.8484148805624928,Low Risk,Risk is Low (7.6%). Solid credit indicators.,Maintain standard tracking.
CUST0203,72.0,143778.0,352.0,0.343795914147021,6,0,10778.0,0.36445062752738,employed,11,Platinum,Phoenix,Missed,On-time,Late,Late,Missed,Late,0,0.10572968512199676,0.7885406297560065,Low Risk,Risk is Low (10.6%). Solid credit indicators.,Maintain standard tracking.
CUST0204,45.0,154487.0,725.0,0.425898739662096,3,0,95930.0,0.330587205509602,Employed,13,Gold,Los Angeles,Missed,Late,Late,Missed,Missed,Missed,0,0.20687479012637827,0.5862504197472435,Low Risk,Risk is Low (20.7%). Solid credit indicators.,Maintain standard tracking.
CUST0205,42.0,107658.0,836.0,0.297881182658678,1,0,27697.0,0.274666966884505,Unemployed,1,Business,New York,Late,Missed,On-time,Late,Late,On-time,0,0.11619975215657634,0.7676004956868473,Low Risk,Risk is Low (11.6%). Solid credit indicators.,Maintain standard tracking.
CUST0206,56.0,166456.0,522.0,0.486563283867616,1,1,33772.0,0.314664128429746,retired,17,Gold,New York,On-time,On-time,Missed,Late,Missed,On-time,0,0.46945796508737336,0.06108406982525327,Medium Risk,Risk is Medium (46.9%). Moderate risk profile.,Send payment reminders & monitor.
CUST0207,50.0,36447.0,610.0,0.666325661532893,1,0,42637.0,0.314084296655741,employed,6,Business,Phoenix,On-time,Missed,Missed,Late,Late,Late,0,0.10280242912021248,0.794395141759575,Low Risk,Risk is Low (10.3%). Solid credit indicators.,Maintain standard tracking.
CUST0208,18.0,165159.0,679.0,0.494465866481147,3,0,3081.0,0.318969693121766,Self-employed,5,Student,Chicago,Missed,Missed,On-time,On-time,Late,On-time,0,0.0981003742067441,0.8037992515865118,Low Risk,Risk is Low (9.8%). Solid credit indicators.,Maintain standard tracking.
CUST0209,74.0,107658.0,709.0,0.972726688735077,5,0,45776.0,0.181569504898087,EMP,13,Business,Chicago,On-time,On-time,Missed,Missed,Missed,On-time,0,0.08828228933206807,0.8234354213358639,Low Risk,Risk is Low (8.8%). Solid credit indicators.,Maintain standard tracking.
CUST0210,44.0,40934.0,566.0,0.5842719136098,0,0,8828.0,0.319732635061487,employed,7,Gold,Phoenix,On-time,On-time,On-time,Missed,Missed,Missed,0,0.0802261332284625,0.839547733543075,Low Risk,Risk is Low (8.0%). Solid credit indicators.,Maintain standard tracking.
CUST0211,74.0,58088.0,701.0,0.545990889568442,6,0,1217.0,0.25594035315338,EMP,1,Student,Los Angeles,Late,On-time,Missed,Missed,On-time,On-time,0,0.1674106632619387,0.6651786734761226,Low Risk,Risk is Low (16.7%). Solid credit indicators.,Maintain standard tracking.
CUST0212,69.0,149415.0,618.0,0.318339573806838,3,0,83604.0,0.404061860600975,retired,16,Standard,Chicago,Late,Late,Missed,On-time,On-time,Missed,0,0.06635014033277624,0.8672997193344475,Low Risk,Risk is Low (6.6%). Solid credit indicators.,Maintain standard tracking.
CUST0213,30.0,84836.0,776.0,0.452293310631466,1,0,82909.0,0.313291864175027,Self-employed,4,Platinum,Phoenix,Late,On-time,Late,On-time,Missed,On-time,0,0.04527397035939579,0.9094520592812084,Low Risk,Risk is Low (4.5%). Solid credit indicators.,Maintain standard tracking.
CUST0214,58.0,97986.0,792.0,0.344197231393261,4,0,13761.0,0.383547922182289,Unemployed,13,Gold,Los Angeles,Missed,Late,On-time,On-time,Late,Missed,0,0.12052619187474516,0.7589476162505097,Low Risk,Risk is Low (12.1%). Solid credit indicators.,Maintain standard tracking.
CUST0215,20.0,166836.0,600.0,0.0668709543191752,2,0,47695.0,0.269821861295024,Unemployed,19,Gold,Los Angeles,On-time,Missed,Late,On-time,On-time,On-time,0,0.08147439774208742,0.8370512045158252,Low Risk,Risk is Low (8.1%). Solid credit indicators.,Maintain standard tracking.
CUST0216,56.0,191517.0,781.0,0.694852444425761,6,0,11564.0,0.273428616238854,Self-employed,2,Gold,Houston,Late,On-time,On-time,On-time,Late,Missed,0,0.08547606131018451,0.829047877379631,Low Risk,Risk is Low (8.5%). Solid credit indicators.,Maintain standard tracking.
CUST0217,23.0,38289.0,682.0,0.397709888889953,3,0,43870.0,0.449425124625633,EMP,4,Student,Los Angeles,On-time,Missed,On-time,Missed,Missed,Missed,0,0.07895013486949423,0.8420997302610116,Low Risk,Risk is Low (7.9%). Solid credit indicators.,Maintain standard tracking.
CUST0218,25.0,115497.0,617.0,0.347919985133338,3,0,92149.0,0.34363351884155,retired,15,Standard,Chicago,On-time,Late,Late,On-time,Missed,Missed,0,0.029839486658626374,0.9403210266827473,Low Risk,Risk is Low (3.0%). Solid credit indicators.,Maintain standard tracking.
CUST0219,44.0,72108.0,339.0,0.542114006791693,0,0,23748.0,0.228548546759426,employed,17,Business,Chicago,On-time,On-time,Late,Missed,On-time,Missed,0,0.09285543457523154,0.8142891308495369,Low Risk,Risk is Low (9.3%). Solid credit indicators.,Maintain standard tracking.
CUST0220,26.0,54298.0,836.0,0.602499910444303,0,0,15424.0,0.389697443862047,Self-employed,16,Standard,Phoenix,On-time,Missed,Late,Missed,Missed,Missed,0,0.08051560094271121,0.8389687981145776,Low Risk,Risk is Low (8.1%). Solid credit indicators.,Maintain standard tracking.
CUST0221,54.0,187312.0,825.0,0.435845033418744,3,0,21613.0,0.246669526657212,Employed,10,Student,Phoenix,Late,Missed,On-time,Late,Missed,Late,0,0.14680101975846985,0.7063979604830604,Low Risk,Risk is Low (14.7%). Solid credit indicators.,Maintain standard tracking.
CUST0222,50.0,146456.0,768.0,0.499479666478196,1,1,41743.0,0.322569813781152,EMP,16,Gold,Los Angeles,Late,Late,Missed,Missed,On-time,Late,0,0.4779268087300701,0.04414638253985981,Medium Risk,Risk is Medium (47.8%). Moderate risk profile.,Send payment reminders & monitor.
CUST0223,68.0,52131.0,565.0,0.64923748146288,2,0,24851.0,0.48366746308594,Unemployed,15,Platinum,New York,Missed,On-time,Late,On-time,Late,Late,0,0.08689254946839407,0.8262149010632118,Low Risk,Risk is Low (8.7%). Solid credit indicators.,Maintain standard tracking.
CUST0224,59.0,88963.0,572.0,0.42796128107801,6,0,41958.0,0.156871761236194,Self-employed,1,Gold,Houston,On-time,Missed,On-time,Late,Missed,On-time,0,0.1657418159641216,0.6685163680717567,Low Risk,Risk is Low (16.6%). Solid credit indicators.,Maintain standard tracking.
CUST0225,61.0,107658.0,535.0,0.560466748352666,0,0,98062.0,0.282421807823346,Unemployed,3,Business,New York,Late,On-time,On-time,Late,Late,Missed,0,0.19163117673830662,0.6167376465233867,Low Risk,Risk is Low (19.2%). Solid credit indicators.,Maintain standard tracking.
CUST0226,41.0,180983.0,776.0,0.168151076322169,6,0,14756.0,0.340827164090203,EMP,6,Platinum,Los Angeles,Missed,On-time,On-time,Late,Late,Late,0,0.14263070969537883,0.7147385806092423,Low Risk,Risk is Low (14.3%). Solid credit indicators.,Maintain standard tracking.
CUST0227,32.0,20569.0,823.0,0.25173620031445,1,0,11061.0,0.376469833466467,Unemployed,1,Gold,Los Angeles,Late,Late,Missed,Missed,On-time,Missed,0,0.2121209958040443,0.5757580083919114,Low Risk,Risk is Low (21.2%). Solid credit indicators.,Maintain standard tracking.
CUST0228,71.0,150683.0,820.0,0.62110795561608,6,0,11308.0,0.175876609263912,Self-employed,5,Platinum,New York,Missed,Missed,Missed,On-time,Missed,Late,0,0.16272366953844655,0.674552660923107,Low Risk,Risk is Low (16.3%). Solid credit indicators.,Maintain standard tracking.
CUST0229,49.0,107658.0,753.0,0.24128827216654,4,0,62010.0,0.146420973142498,EMP,16,Standard,Houston,Late,Late,On-time,Late,Missed,Missed,0,0.10088204984494949,0.798235900310101,Low Risk,Risk is Low (10.1%). Solid credit indicators.,Maintain standard tracking.
CUST0230,49.0,191615.0,659.0,0.546827509422659,0,1,73327.0,0.409074935199042,Employed,6,Student,New York,Missed,Missed,On-time,Late,Missed,On-time,1,0.5451923240089362,0.0903846480178725,Medium Risk,Risk is Medium (54.5%). Moderate risk profile.,Send payment reminders & monitor.
CUST0231,41.0,165580.0,629.0,0.470600243560585,1,0,96167.0,0.227958514319616,Self-employed,4,Gold,Phoenix,Late,On-time,Missed,Late,Late,On-time,0,0.08205647248099039,0.8358870550380192,Low Risk,Risk is Low (8.2%). Solid credit indicators.,Maintain standard tracking.
CUST0232,58.0,70284.0,696.0,0.427106547495954,1,1,2882.0,0.223771749200268,employed,4,Business,Chicago,On-time,On-time,Late,Late,On-time,Late,1,0.5286103345569182,0.05722066911383639,Medium Risk,Risk is Medium (52.9%). Moderate risk profile.,Send payment reminders & monitor.
CUST0233,69.0,127816.0,781.0,0.334307446206454,2,0,32588.0,0.455024967277216,retired,19,Standard,Phoenix,Late,On-time,Late,Late,Missed,Missed,0,0.11900887847981036,0.7619822430403793,Low Risk,Risk is Low (11.9%). Solid credit indicators.,Maintain standard tracking.
CUST0234,66.0,85390.0,617.0,0.681868003621075,2,0,11061.0,0.306970231473182,Self-employed,15,Gold,Chicago,Late,On-time,On-time,Missed,Missed,Missed,0,0.08580404332848211,0.8283919133430357,Low Risk,Risk is Low (8.6%). Solid credit indicators.,Maintain standard tracking.
CUST0235,66.0,74101.0,561.0,0.845978230903967,4,0,42715.0,0.307623822768157,EMP,18,Standard,Los Angeles,Missed,Late,Missed,Missed,Missed,Missed,0,0.05522496914532738,0.8895500617093453,Low Risk,Risk is Low (5.5%). Solid credit indicators.,Maintain standard tracking.
CUST0236,69.0,127816.0,345.0,0.560038432520038,1,0,2926.0,0.282020055484846,retired,8,Business,Houston,Late,Late,On-time,Missed,Late,Missed,0,0.08892826051469906,0.8221434789706019,Low Risk,Risk is Low (8.9%). Solid credit indicators.,Maintain standard tracking.
CUST0237,29.0,178273.0,363.0,0.564498143134563,5,0,98999.0,0.177601793325683,Self-employed,4,Gold,New York,On-time,Missed,Missed,On-time,Missed,Missed,0,0.03220927260067255,0.935581454798655,Low Risk,Risk is Low (3.2%). Solid credit indicators.,Maintain standard tracking.
CUST0238,56.0,61540.0,731.0,0.363533874028501,1,1,75777.0,0.367569694939438,Employed,7,Business,Houston,On-time,Missed,On-time,Missed,On-time,On-time,1,0.5176036060973311,0.035207212194662274,Medium Risk,Risk is Medium (51.8%). Moderate risk profile.,Send payment reminders & monitor.
CUST0239,19.0,170576.0,729.0,0.260780553635124,2,0,29561.0,0.340945052192562,Employed,8,Platinum,New York,On-time,Late,On-time,Missed,Missed,Late,0,0.11115871236657653,0.7776825752668469,Low Risk,Risk is Low (11.1%). Solid credit indicators.,Maintain standard tracking.
CUST0240,20.0,191615.0,332.0,0.492052219038765,5,0,44439.0,0.316869132533943,employed,4,Business,Phoenix,On-time,On-time,Missed,On-time,Late,On-time,0,0.13227164958231982,0.7354567008353603,Low Risk,Risk is Low (13.2%). Solid credit indicators.,Maintain standard tracking.
CUST0241,66.0,138961.0,563.0,0.305250070408384,0,0,33772.0,0.288367696072374,Unemployed,9,Platinum,Phoenix,On-time,Late,Missed,Late,Missed,Missed,0,0.26740176781092345,0.4651964643781531,Low Risk,Risk is Low (26.7%). Solid credit indicators.,Maintain standard tracking.
CUST0242,54.0,114657.0,522.0,0.145477974336835,0,0,31481.0,0.270768035066171,retired,1,Gold,New York,Late,Missed,Late,On-time,Missed,Late,0,0.10993189268461007,0.7801362146307799,Low Risk,Risk is Low (11.0%). Solid credit indicators.,Maintain standard tracking.
CUST0243,66.0,76813.0,749.0,0.660689162473116,6,0,29584.0,0.391248338954741,EMP,8,Platinum,Houston,On-time,On-time,Late,Late,On-time,Late,0,0.10503563259337702,0.789928734813246,Low Risk,Risk is Low (10.5%). Solid credit indicators.,Maintain standard tracking.
CUST0244,73.0,48307.0,319.0,0.670433357650366,3,0,45776.0,0.28587069367939,EMP,10,Gold,New York,Late,On-time,Late,Late,Missed,Late,0,0.07141940046245794,0.8571611990750841,Low Risk,Risk is Low (7.1%). Solid credit indicators.,Maintain standard tracking.
CUST0245,34.0,193677.0,380.0,0.328232245409381,2,0,83604.0,0.293593896146611,Unemployed,3,Gold,Los Angeles,Late,On-time,Missed,On-time,Missed,Missed,0,0.13549365973806704,0.7290126805238659,Low Risk,Risk is Low (13.5%). Solid credit indicators.,Maintain standard tracking.
CUST0246,66.0,186334.0,521.0,0.548792864255848,3,0,20052.0,0.352989315488377,Employed,1,Student,Phoenix,Missed,Late,Missed,Missed,On-time,Late,0,0.10523054683014575,0.7895389063397085,Low Risk,Risk is Low (10.5%). Solid credit indicators.,Maintain standard tracking.
CUST0247,19.0,74163.0,623.0,0.700390453558353,5,0,15424.0,0.320796093068038,Employed,5,Gold,Los Angeles,Missed,Late,Missed,Late,Late,On-time,0,0.34731804996038285,0.3053639000792343,Medium Risk,Risk is Medium (34.7%). Moderate risk profile.,Send payment reminders & monitor.
CUST0248,19.0,102235.0,412.0,0.541005337412375,2,1,26649.0,0.464227605754043,Self-employed,13,Platinum,Phoenix,On-time,Late,On-time,On-time,On-time,Late,1,0.5684190613429112,0.1368381226858224,Medium Risk,Risk is Medium (56.8%). Moderate risk profile.,Send payment reminders & monitor.
CUST0249,45.0,27763.0,655.0,0.261369070780253,4,0,52425.0,0.123863322252669,employed,0,Student,Phoenix,On-time,On-time,Late,Late,Missed,Late,0,0.060843500434213035,0.8783129991315739,Low Risk,Risk is Low (6.1%). Solid credit indicators.,Maintain standard tracking.
CUST0250,71.0,39285.0,818.0,0.45342131735258,1,0,99620.0,0.329990743836726,retired,17,Student,Chicago,Missed,On-time,Missed,Missed,On-time,On-time,0,0.15785028645149946,0.6842994270970011,Low Risk,Risk is Low (15.8%). Solid credit indicators.,Maintain standard tracking.
CUST0251,40.0,66991.0,337.0,0.765361884008398,4,0,23431.0,0.229439421952783,employed,6,Gold,Los Angeles,Missed,Missed,On-time,Late,Late,Missed,0,0.11206856137223546,0.775862877255529,Low Risk,Risk is Low (11.2%). Solid credit indicators.,Maintain standard tracking.
CUST0252,54.0,185883.0,663.0,0.549405328721022,5,1,95074.0,0.205791346524507,employed,0,Business,Los Angeles,Missed,On-time,Missed,Late,On-time,Late,1,0.6017998734125717,0.20359974682514337,Medium Risk,Risk is Medium (60.2%). Moderate risk profile.,Send payment reminders & monitor.
CUST0253,49.0,119185.0,635.0,0.607826420636561,2,0,31674.0,0.254293579395565,Self-employed,0,Business,Chicago,Missed,Missed,Late,Missed,Late,On-time,0,0.1373704182297274,0.7252591635405452,Low Risk,Risk is Low (13.7%). Solid credit indicators.,Maintain standard tracking.
CUST0254,50.0,98042.0,847.0,0.568325843873822,5,1,90739.0,0.305467940848176,employed,0,Student,Houston,On-time,Missed,Late,Missed,Missed,On-time,1,0.5806555496963459,0.16131109939269184,Medium Risk,Risk is Medium (58.1%). Moderate risk profile.,Send payment reminders & monitor.
CUST0255,18.0,116042.0,544.0,0.328897728404349,1,0,30509.0,0.30990690759234,Unemployed,3,Gold,Los Angeles,Missed,Late,On-time,On-time,Missed,Missed,0,0.2021366951516094,0.5957266096967813,Low Risk,Risk is Low (20.2%). Solid credit indicators.,Maintain standard tracking.
CUST0256,36.0,95219.0,535.0,0.375830956143471,0,0,41594.0,0.14826937843215,Self-employed,3,Business,New York,On-time,Missed,Missed,On-time,On-time,Late,0,0.017515681228648012,0.964968637542704,Low Risk,Risk is Low (1.8%). Solid credit indicators.,Maintain standard tracking.
CUST0257,19.0,155734.0,524.0,0.567773031410348,0,0,3142.0,0.245891617032218,Unemployed,17,Gold,Chicago,On-time,On-time,On-time,On-time,Late,Missed,0,0.264644951255122,0.470710097489756,Low Risk,Risk is Low (26.5%). Solid credit indicators.,Maintain standard tracking.
CUST0258,70.0,116042.0,608.0,0.663374356004081,5,1,63443.0,0.328122155147645,Self-employed,10,Gold,Los Angeles,Late,On-time,Missed,Late,Missed,On-time,0,0.435616776314531,0.128766447370938,Medium Risk,Risk is Medium (43.6%). Moderate risk profile.,Send payment reminders & monitor.
CUST0259,61.0,109456.0,354.0,0.719980990183576,3,0,8526.0,0.212306954921634,employed,0,Student,Houston,Late,Missed,On-time,Missed,On-time,Missed,0,0.14810993221457033,0.7037801355708593,Low Risk,Risk is Low (14.8%). Solid credit indicators.,Maintain standard tracking.
CUST0260,43.0,70284.0,405.0,0.328378891046361,2,0,10778.0,0.188521609528348,Unemployed,9,Student,Los Angeles,Late,Missed,Missed,On-time,Missed,On-time,0,0.1213695981768598,0.7572608036462805,Low Risk,Risk is Low (12.1%). Solid credit indicators.,Maintain standard tracking.
CUST0261,49.0,61540.0,777.0,0.586624106935438,2,0,15171.0,0.1,Unemployed,8,Standard,Phoenix,On-time,Missed,Late,On-time,On-time,Late,0,0.12763944609824,0.7447211078035201,Low Risk,Risk is Low (12.8%). Solid credit indicators.,Maintain standard tracking.
CUST0262,23.0,93752.0,350.0,0.737408822343795,0,0,11942.0,0.233680655162464,Unemployed,3,Business,New York,On-time,Missed,On-time,Late,Missed,Late,0,0.06436482627245954,0.8712703474550809,Low Risk,Risk is Low (6.4%). Solid credit indicators.,Maintain standard tracking.
CUST0263,49.0,42350.0,341.0,0.302583645942395,6,0,83022.0,0.185037080104918,Self-employed,5,Business,Chicago,Late,Missed,Missed,Late,Missed,Missed,0,0.060610023568102536,0.878779952863795,Low Risk,Risk is Low (6.1%). Solid credit indicators.,Maintain standard tracking.
CUST0264,72.0,97750.0,414.0,0.797349427159954,4,0,72332.0,0.201606711688994,EMP,15,Business,Phoenix,Late,Missed,Late,Missed,On-time,Missed,0,0.10105214191097078,0.7978957161780584,Low Risk,Risk is Low (10.1%). Solid credit indicators.,Maintain standard tracking.
CUST0265,21.0,142016.0,445.0,0.827788165468837,6,1,65548.0,0.272817969672034,employed,1,Platinum,Houston,Late,On-time,Missed,Late,Late,On-time,1,0.5851300972202723,0.17026019444054463,Medium Risk,Risk is Medium (58.5%). Moderate risk profile.,Send payment reminders & monitor.
CUST0266,72.0,16062.0,584.0,1.02501726792433,1,0,92285.0,0.24001711234571,Unemployed,17,Gold,Phoenix,Missed,Late,Missed,Missed,On-time,Late,0,0.13146055100488227,0.7370788979902354,Low Risk,Risk is Low (13.1%). Solid credit indicators.,Maintain standard tracking.
CUST0267,28.0,75692.0,534.0,0.546186688165998,4,0,48397.0,0.183376210614069,retired,9,Student,Phoenix,Missed,Missed,Late,Late,Missed,Late,0,0.04746316875657065,0.9050736624868587,Low Risk,Risk is Low (4.7%). Solid credit indicators.,Maintain standard tracking.
CUST0268,73.0,158087.0,669.0,0.547284935252489,4,0,68998.0,0.1,EMP,16,Business,Houston,Late,Late,Missed,On-time,Missed,Late,0,0.07550466729926891,0.8489906654014622,Low Risk,Risk is Low (7.6%). Solid credit indicators.,Maintain standard tracking.
CUST0269,34.0,53765.0,736.0,0.665398877823463,5,0,52413.0,0.330231130514764,retired,12,Standard,Phoenix,Missed,Missed,On-time,On-time,Missed,Late,0,0.04626735087244979,0.9074652982551004,Low Risk,Risk is Low (4.6%). Solid credit indicators.,Maintain standard tracking.
CUST0270,55.0,198062.0,766.0,0.659560534609883,0,0,50989.0,0.375282721380847,employed,17,Business,Chicago,Missed,Missed,On-time,Missed,Late,Late,0,0.17305705634911303,0.6538858873017739,Low Risk,Risk is Low (17.3%). Solid credit indicators.,Maintain standard tracking.
CUST0271,41.0,38049.0,648.0,0.725273372199121,6,0,44016.0,0.260325502100562,employed,12,Gold,Los Angeles,Late,Missed,Late,On-time,Missed,Missed,0,0.07538712791350718,0.8492257441729856,Low Risk,Risk is Low (7.5%). Solid credit indicators.,Maintain standard tracking.
CUST0272,22.0,166222.0,762.0,0.65680663609302,6,0,29416.0,0.273422430354572,Unemployed,16,Gold,Phoenix,Late,Missed,Missed,Late,Late,Late,0,0.08806263661457182,0.8238747267708564,Low Risk,Risk is Low (8.8%). Solid credit indicators.,Maintain standard tracking.
CUST0273,69.0,107658.0,423.0,0.478787618192392,0,1,45776.0,0.300281051568612,Unemployed,4,Student,Chicago,Missed,Late,Missed,Late,Missed,Missed,1,0.5880343532738334,0.1760687065476667,Medium Risk,Risk is Medium (58.8%). Moderate risk profile.,Send payment reminders & monitor.
CUST0274,51.0,193031.0,670.0,0.7443994241947,6,1,80150.0,0.457878357661225,Self-employed,10,Platinum,Los Angeles,On-time,On-time,Missed,Missed,Late,Missed,1,0.5447139003424022,0.08942780068480438,Medium Risk,Risk is Medium (54.5%). Moderate risk profile.,Send payment reminders & monitor.
CUST0275,23.0,189358.0,823.0,0.285749170061454,0,0,2687.0,0.143229220617422,EMP,6,Student,Los Angeles,Late,On-time,On-time,Late,Late,Late,0,0.09842054186743608,0.8031589162651278,Low Risk,Risk is Low (9.8%). Solid credit indicators.,Maintain standard tracking.
CUST0276,39.0,101188.0,694.0,0.501170467345075,5,1,23685.0,0.258551027412743,EMP,9,Business,Phoenix,Late,Late,On-time,Late,On-time,Missed,0,0.4615885602602994,0.07682287947940125,Medium Risk,Risk is Medium (46.2%). Moderate risk profile.,Send payment reminders & monitor.
CUST0277,28.0,107658.0,421.0,0.812747123209959,3,0,77719.0,0.127802703586728,Unemployed,16,Standard,Chicago,On-time,Missed,Missed,Late,Missed,On-time,0,0.030660574834449852,0.9386788503311003,Low Risk,Risk is Low (3.1%). Solid credit indicators.,Maintain standard tracking.
CUST0278,65.0,54749.0,407.0,0.249950700375936,4,0,44439.0,0.336231845873555,employed,14,Student,Phoenix,Missed,Missed,On-time,On-time,On-time,Late,0,0.10207442909912669,0.7958511418017467,Low Risk,Risk is Low (10.2%). Solid credit indicators.,Maintain standard tracking.
CUST0279,33.0,107658.0,418.0,0.364504868600567,5,0,37905.0,0.285604160621198,Unemployed,17,Platinum,Houston,Missed,On-time,Late,Missed,Missed,On-time,0,0.06971792366512233,0.8605641526697554,Low Risk,Risk is Low (7.0%). Solid credit indicators.,Maintain standard tracking.
CUST0280,50.0,65990.0,622.0,0.634349458215458,2,0,99005.0,0.320299211293607,employed,18,Student,Los Angeles,Missed,Missed,Missed,Missed,Late,Missed,0,0.14836634735841556,0.7032673052831688,Low Risk,Risk is Low (14.8%). Solid credit indicators.,Maintain standard tracking.
CUST0281,26.0,42350.0,825.0,0.57878239464723,1,0,46813.0,0.315312256259107,employed,1,Gold,Phoenix,Late,Late,Late,Missed,Missed,Late,0,0.06103259353821151,0.877934812923577,Low Risk,Risk is Low (6.1%). Solid credit indicators.,Maintain standard tracking.
CUST0282,23.0,42350.0,823.0,0.324994918468751,3,1,45776.0,0.399070825370351,Unemployed,3,Business,Los Angeles,On-time,Missed,Missed,Late,Late,Missed,0,0.26062946393405334,0.4787410721318933,Low Risk,Risk is Low (26.1%). Solid credit indicators.,Maintain standard tracking.
CUST0283,33.0,116570.0,452.0,0.416761199453971,2,0,50989.0,0.353813296456846,Employed,2,Business,Chicago,Missed,On-time,Missed,On-time,Late,Missed,0,0.19385785450688128,0.6122842909862374,Low Risk,Risk is Low (19.4%). Solid credit indicators.,Maintain standard tracking.
CUST0284,46.0,159572.0,724.0,0.263843587469932,4,1,74433.0,0.383050795766008,EMP,6,Business,New York,On-time,On-time,On-time,On-time,Late,Missed,1,0.50865160137009,0.017303202740180046,Medium Risk,Risk is Medium (50.9%). Moderate risk profile.,Send payment reminders & monitor.
CUST0285,20.0,116570.0,739.0,0.696096999904114,6,0,52331.0,0.193446531010305,retired,17,Business,Phoenix,Late,Late,On-time,Late,Late,Missed,0,0.198854952188622,0.6022900956227559,Low Risk,Risk is Low (19.9%). Solid credit indicators.,Maintain standard tracking.
CUST0286,37.0,190333.0,700.0,0.448823728465893,0,0,41958.0,0.419317086497514,employed,9,Business,Phoenix,Late,Missed,On-time,On-time,Late,On-time,0,0.2538108837422438,0.4923782325155124,Low Risk,Risk is Low (25.4%). Solid credit indicators.,Maintain standard tracking.
CUST0287,53.0,32955.0,482.0,0.858431182152126,4,1,45089.0,0.2277637260511,employed,6,Business,Los Angeles,Missed,Missed,Late,Late,Late,Missed,1,0.5027610966245069,0.005522193249013707,Medium Risk,Risk is Medium (50.3%). Moderate risk profile.,Send payment reminders & monitor.
CUST0288,36.0,141131.0,385.0,0.516220048808004,5,0,63375.0,0.233513045737601,Employed,7,Standard,Chicago,On-time,Missed,Late,On-time,On-time,On-time,0,0.09181116226988975,0.8163776754602206,Low Risk,Risk is Low (9.2%). Solid credit indicators.,Maintain standard tracking.
CUST0289,43.0,68682.0,579.0,0.456051939319424,1,0,86965.0,0.327084257735299,retired,5,Platinum,Houston,Missed,On-time,Late,Late,On-time,Missed,0,0.07107340794526303,0.857853184109474,Low Risk,Risk is Low (7.1%). Solid credit indicators.,Maintain standard tracking.
CUST0290,20.0,16062.0,658.0,0.43663564774164,5,0,67673.0,0.330191826304927,Self-employed,0,Business,Chicago,Late,On-time,On-time,Missed,Late,On-time,0,0.17482900972165852,0.650341980556683,Low Risk,Risk is Low (17.5%). Solid credit indicators.,Maintain standard tracking.
CUST0291,36.0,107658.0,836.0,0.451160032961514,3,0,70406.0,0.192814319776752,Employed,3,Platinum,Phoenix,Late,Late,Late,Late,Late,Late,0,0.07042676421804552,0.859146471563909,Low Risk,Risk is Low (7.0%). Solid credit indicators.,Maintain standard tracking.
CUST0292,37.0,155734.0,315.0,0.52216421902676,3,0,84521.0,0.28267207082261,retired,13,Business,Houston,Missed,Late,Missed,On-time,Missed,Missed,0,0.14312103949971594,0.7137579210005681,Low Risk,Risk is Low (14.3%). Solid credit indicators.,Maintain standard tracking.
CUST0293,49.0,38061.0,316.0,1.00248151531566,1,0,95267.0,0.448823531686947,Employed,16,Student,Chicago,Late,Late,Late,Late,Missed,Missed,0,0.18894429394276982,0.6221114121144604,Low Risk,Risk is Low (18.9%). Solid credit indicators.,Maintain standard tracking.
CUST0294,24.0,107658.0,436.0,0.432228065980128,2,0,45595.0,0.15316634384659,employed,19,Business,New York,Late,Late,On-time,Missed,On-time,Missed,0,0.128226053979694,0.743547892040612,Low Risk,Risk is Low (12.8%). Solid credit indicators.,Maintain standard tracking.
CUST0295,69.0,43251.0,515.0,0.438729307845738,2,1,52331.0,0.448521924101272,EMP,17,Gold,Los Angeles,Missed,Missed,On-time,Late,Late,On-time,0,0.1106927061293252,0.7786145877413496,Low Risk,Risk is Low (11.1%). Solid credit indicators.,Maintain standard tracking.
CUST0296,58.0,90353.0,658.0,0.513118769136635,3,0,82714.0,0.275830154858351,Employed,10,Standard,Chicago,Missed,Missed,Late,Missed,Late,Missed,0,0.10004876035160258,0.7999024792967948,Low Risk,Risk is Low (10.0%). Solid credit indicators.,Maintain standard tracking.
CUST0297,50.0,81234.0,310.0,0.718054901268852,3,0,79552.0,0.1,Self-employed,13,Student,Chicago,On-time,On-time,On-time,On-time,Missed,On-time,0,0.08056747123240265,0.8388650575351947,Low Risk,Risk is Low (8.1%). Solid credit indicators.,Maintain standard tracking.
CUST0298,57.0,19835.0,793.0,0.215803087785444,6,0,41653.0,0.163326826651709,Unemployed,8,Student,New York,Late,On-time,Late,On-time,Missed,Missed,0,0.04692713670992764,0.9061457265801447,Low Risk,Risk is Low (4.7%). Solid credit indicators.,Maintain standard tracking.
CUST0299,56.0,107658.0,673.0,0.591018547381929,0,1,89660.0,0.20365224622648,retired,14,Gold,Phoenix,Late,Missed,On-time,Late,Missed,On-time,1,0.5292461804588438,0.0584923609176875,Medium Risk,Risk is Medium (52.9%). Moderate risk profile.,Send payment reminders & monitor.
CUST0300,35.0,107658.0,321.0,0.336514964795767,6,0,62342.0,0.237607069921725,Employed,11,Business,Los Angeles,Missed,Late,Late,Late,Missed,On-time,0,0.09920478049476186,0.8015904390104762,Low Risk,Risk is Low (9.9%). Solid credit indicators.,Maintain standard tracking.
CUST0301,57.0,159188.0,415.0,0.610654537790189,6,0,52259.0,0.289528674137466,Employed,9,Standard,Chicago,Missed,Late,Late,Missed,On-time,Late,0,0.11396622925957134,0.7720675414808573,Low Risk,Risk is Low (11.4%). Solid credit indicators.,Maintain standard tracking.
CUST0302,18.0,70479.0,834.0,0.401248011527908,2,0,82789.0,0.1,Self-employed,18,Student,Houston,Missed,Late,Late,Late,Missed,Late,0,0.060761028649797814,0.8784779427004044,Low Risk,Risk is Low (6.1%). Solid credit indicators.,Maintain standard tracking.
CUST0303,28.0,119573.0,700.0,0.05,1,0,52217.0,0.318680439247765,EMP,18,Standard,Chicago,Missed,Late,Late,Missed,On-time,Missed,0,0.038116331294745044,0.9237673374105099,Low Risk,Risk is Low (3.8%). Solid credit indicators.,Maintain standard tracking.
CUST0304,45.0,81234.0,584.0,0.573915520537497,2,0,9859.0,0.194490949167511,Employed,5,Student,Los Angeles,Late,Late,Missed,Missed,Missed,Late,0,0.16725641113621958,0.6654871777275608,Low Risk,Risk is Low (16.7%). Solid credit indicators.,Maintain standard tracking.
CUST0305,74.0,149415.0,591.0,0.572228954069373,0,0,52217.0,0.439052257160105,Employed,19,Business,Chicago,Late,Missed,On-time,On-time,On-time,Late,0,0.21661277537438528,0.5667744492512294,Low Risk,Risk is Low (21.7%). Solid credit indicators.,Maintain standard tracking.
CUST0306,42.0,136465.0,595.0,0.384183938304114,5,0,75316.0,0.272982327925602,EMP,5,Student,New York,Late,Late,Late,On-time,Missed,On-time,0,0.0547649084524513,0.8904701830950974,Low Risk,Risk is Low (5.5%). Solid credit indicators.,Maintain standard tracking.
CUST0307,67.0,53494.0,591.0,0.372331227971399,3,0,12176.0,0.394284617173272,Self-employed,7,Student,Chicago,On-time,On-time,Late,Missed,Late,On-time,0,0.11574414103201625,0.7685117179359675,Low Risk,Risk is Low (11.6%). Solid credit indicators.,Maintain standard tracking.
CUST0308,40.0,107658.0,307.0,0.237725454982469,3,0,71588.0,0.411034897991429,retired,0,Platinum,Chicago,Missed,Late,On-time,Missed,Missed,Missed,0,0.16876959858499943,0.6624608028300012,Low Risk,Risk is Low (16.9%). Solid credit indicators.,Maintain standard tracking.
CUST0309,48.0,70479.0,385.0,0.654619988307774,0,1,99005.0,0.408327324346621,retired,16,Business,Houston,Missed,Late,On-time,Late,Late,On-time,1,0.5505263947611911,0.10105278952238228,Medium Risk,Risk is Medium (55.1%). Moderate risk profile.,Send payment reminders & monitor.
CUST0310,47.0,90697.0,682.0,0.676443156493361,6,1,46720.0,0.243359325703751,Employed,16,Gold,New York,Late,Missed,Missed,Late,On-time,Late,0,0.4406855526857353,0.11862889462852944,Medium Risk,Risk is Medium (44.1%). Moderate risk profile.,Send payment reminders & monitor.
CUST0311,59.0,19835.0,374.0,0.324189822964822,1,0,82909.0,0.242079984227867,EMP,14,Gold,New York,Late,Late,On-time,Missed,Late,On-time,0,0.10060400472682163,0.7987919905463567,Low Risk,Risk is Low (10.1%). Solid credit indicators.,Maintain standard tracking.
CUST0312,52.0,176426.0,320.0,0.392013108092229,3,1,31674.0,0.277502670071168,Employed,6,Business,Chicago,Missed,Late,Missed,Missed,Late,Missed,1,0.6205709748227727,0.24114194964554536,Medium Risk,Risk is Medium (62.1%). Moderate risk profile.,Send payment reminders & monitor.
CUST0313,24.0,194208.0,321.0,0.487342175772207,4,0,62253.0,0.363623737537892,Unemployed,18,Gold,Houston,Missed,On-time,On-time,On-time,Late,Late,0,0.1789299341908263,0.6421401316183474,Low Risk,Risk is Low (17.9%). Solid credit indicators.,Maintain standard tracking.
CUST0314,33.0,181267.0,494.0,0.954173056207109,6,0,15938.0,0.248930473024583,retired,2,Business,Chicago,On-time,Missed,Late,On-time,Late,On-time,0,0.06715571131675124,0.8656885773664975,Low Risk,Risk is Low (6.7%). Solid credit indicators.,Maintain standard tracking.
CUST0315,43.0,77292.0,316.0,0.609024349517786,3,0,612.0,0.288073752640975,employed,10,Gold,Chicago,Late,Late,Missed,Missed,Late,Late,0,0.28721406695617524,0.4255718660876495,Low Risk,Risk is Low (28.7%). Solid credit indicators.,Maintain standard tracking.
CUST0316,65.0,32019.0,419.0,0.311316896998324,4,0,13355.0,0.327359381633944,Unemployed,19,Platinum,Los Angeles,Late,On-time,Late,On-time,On-time,On-time,0,0.18369224993349442,0.6326155001330112,Low Risk,Risk is Low (18.4%). Solid credit indicators.,Maintain standard tracking.
CUST0317,74.0,102235.0,557.0,0.560756061898101,0,0,10778.0,0.209510807395213,Employed,18,Gold,Los Angeles,On-time,On-time,Late,Missed,Missed,On-time,0,0.10501561181688512,0.7899687763662298,Low Risk,Risk is Low (10.5%). Solid credit indicators.,Maintain standard tracking.
CUST0318,69.0,120891.0,749.0,0.224661691872383,0,1,66118.0,0.203189171167088,Self-employed,8,Student,Houston,On-time,Late,On-time,On-time,Missed,Late,1,0.5647198346672606,0.12943966933452122,Medium Risk,Risk is Medium (56.5%). Moderate risk profile.,Send payment reminders & monitor.
CUST0319,66.0,33017.0,625.0,0.643598061983234,6,0,30443.0,0.2841736118596,retired,9,Business,Phoenix,Missed,Missed,Missed,Late,On-time,On-time,0,0.10747602623477943,0.7850479475304412,Low Risk,Risk is Low (10.7%). Solid credit indicators.,Maintain standard tracking.
CUST0320,19.0,53765.0,446.0,0.835109478708897,3,1,86846.0,0.297417881495164,employed,1,Standard,Los Angeles,Late,Missed,On-time,On-time,Missed,On-time,0,0.14519474028948431,0.7096105194210314,Low Risk,Risk is Low (14.5%). Solid credit indicators.,Maintain standard tracking.
CUST0321,18.0,53513.0,391.0,0.835958337016791,2,0,82382.0,0.343388548000164,Unemployed,0,Standard,Phoenix,Missed,On-time,Late,Missed,Missed,Late,0,0.179372271520132,0.641255456959736,Low Risk,Risk is Low (17.9%). Solid credit indicators.,Maintain standard tracking.
CUST0322,65.0,184160.0,316.0,0.646978700694867,4,0,95303.0,0.367188657495155,retired,15,Business,New York,Late,On-time,On-time,Late,Late,On-time,0,0.22058203292699502,0.55883593414601,Low Risk,Risk is Low (22.1%). Solid credit indicators.,Maintain standard tracking.
CUST0323,29.0,70393.0,715.0,0.383317528826374,1,0,87110.0,0.190093717942835,EMP,17,Platinum,Los Angeles,Missed,On-time,Missed,Missed,Missed,On-time,0,0.06455739351898818,0.8708852129620237,Low Risk,Risk is Low (6.5%). Solid credit indicators.,Maintain standard tracking.
CUST0324,22.0,193352.0,471.0,0.239819648697174,3,0,80430.0,0.218791506805643,Self-employed,16,Gold,Los Angeles,On-time,On-time,On-time,On-time,Missed,On-time,0,0.07949730741677508,0.8410053851664498,Low Risk,Risk is Low (7.9%). Solid credit indicators.,Maintain standard tracking.
CUST0325,54.0,137402.0,358.0,0.219958991326178,1,0,32615.0,0.202924771243689,Unemployed,5,Platinum,Houston,Missed,On-time,Missed,Late,On-time,Late,0,0.09857631461022116,0.8028473707795577,Low Risk,Risk is Low (9.9%). Solid credit indicators.,Maintain standard tracking.
CUST0326,49.0,18709.0,534.0,0.05,3,0,62561.0,0.441244740159142,EMP,13,Standard,Phoenix,On-time,Missed,On-time,Missed,Missed,Missed,0,0.030532361687187072,0.9389352766256258,Low Risk,Risk is Low (3.1%). Solid credit indicators.,Maintain standard tracking.
CUST0327,72.0,153311.0,696.0,0.638771152601584,2,0,3081.0,0.287972940979746,Employed,14,Business,Los Angeles,Late,Late,Missed,On-time,Missed,Late,0,0.24795921480045088,0.5040815703990982,Low Risk,Risk is Low (24.8%). Solid credit indicators.,Maintain standard tracking.
CUST0328,26.0,106267.0,471.0,0.47943289595512,2,0,43927.0,0.301612929524502,EMP,13,Business,Los Angeles,Missed,Missed,Missed,Late,Missed,Missed,0,0.09964259593598866,0.8007148081280226,Low Risk,Risk is Low (10.0%). Solid credit indicators.,Maintain standard tracking.
CUST0329,58.0,179506.0,461.0,0.681843233290625,6,0,32615.0,0.305777436401351,Unemployed,2,Platinum,Houston,On-time,Missed,Late,Missed,On-time,Late,0,0.09292032874816744,0.8141593425036651,Low Risk,Risk is Low (9.3%). Solid credit indicators.,Maintain standard tracking.
CUST0330,52.0,26174.0,556.0,0.785606297046957,6,0,92183.0,0.228432998628236,Unemployed,18,Platinum,Houston,Late,On-time,On-time,Late,On-time,On-time,0,0.06887538870378282,0.8622492225924343,Low Risk,Risk is Low (6.9%). Solid credit indicators.,Maintain standard tracking.
CUST0331,36.0,43251.0,644.0,0.519981108780482,2,0,39259.0,0.456426951894603,Employed,11,Gold,Phoenix,On-time,Missed,Missed,On-time,Missed,Late,0,0.15757545290330344,0.6848490941933931,Low Risk,Risk is Low (15.8%). Solid credit indicators.,Maintain standard tracking.
CUST0332,65.0,81234.0,326.0,0.52919232194263,5,0,17023.0,0.341102665481872,EMP,1,Student,New York,On-time,Late,Late,Late,Missed,On-time,0,0.098809162772852,0.802381674454296,Low Risk,Risk is Low (9.9%). Solid credit indicators.,Maintain standard tracking.
CUST0333,33.0,85640.0,522.0,0.407135931100506,2,0,80150.0,0.303959052977794,EMP,2,Student,New York,Missed,Late,Late,Missed,On-time,Late,0,0.033189803724683234,0.9336203925506336,Low Risk,Risk is Low (3.3%). Solid credit indicators.,Maintain standard tracking.
CUST0334,20.0,67638.0,498.0,0.430783116565518,0,0,27446.0,0.189474357884943,Employed,17,Gold,Chicago,Missed,Late,On-time,On-time,On-time,Missed,0,0.24262311535341677,0.5147537692931665,Low Risk,Risk is Low (24.3%). Solid credit indicators.,Maintain standard tracking.
CUST0335,37.0,81234.0,339.0,0.645693982494586,0,1,91557.0,0.183806750834375,EMP,0,Student,Los Angeles,On-time,On-time,Late,On-time,Missed,Late,0,0.116857795182363,0.766284409635274,Low Risk,Risk is Low (11.7%). Solid credit indicators.,Maintain standard tracking.
CUST0336,41.0,159356.0,658.0,0.465124993926937,5,0,44449.0,0.269109246839423,retired,19,Standard,Phoenix,Missed,Missed,Late,Missed,Missed,Late,0,0.04943492820619294,0.9011301435876141,Low Risk,Risk is Low (4.9%). Solid credit indicators.,Maintain standard tracking.
CUST0337,71.0,150230.0,627.0,0.436198466649435,4,1,31316.0,0.230000820642817,Employed,5,Student,Los Angeles,On-time,Late,On-time,On-time,On-time,Late,1,0.547034177177641,0.09406835435528205,Medium Risk,Risk is Medium (54.7%). Moderate risk profile.,Send payment reminders & monitor.
CUST0338,73.0,120570.0,820.0,0.496336628111429,1,0,61186.0,0.193255565445344,Self-employed,4,Gold,Phoenix,On-time,Missed,Late,Late,On-time,Missed,0,0.12916611524903007,0.7416677695019398,Low Risk,Risk is Low (12.9%). Solid credit indicators.,Maintain standard tracking.
CUST0339,50.0,117795.0,591.0,0.677266039212318,3,1,51016.0,0.262904198042844,Unemployed,0,Student,Phoenix,Late,Missed,Missed,Late,Missed,Late,0,0.45864062953215623,0.08271874093568754,Medium Risk,Risk is Medium (45.9%). Moderate risk profile.,Send payment reminders & monitor.
CUST0340,41.0,62295.0,715.0,0.361467688433979,3,1,86488.0,0.278357197172411,Self-employed,18,Business,Phoenix,Late,Late,On-time,Missed,Late,Missed,0,0.1946302361763281,0.6107395276473437,Low Risk,Risk is Low (19.5%). Solid credit indicators.,Maintain standard tracking.
CUST0341,69.0,70479.0,361.0,0.486694296489593,5,0,11308.0,0.314178542046026,retired,0,Platinum,Los Angeles,On-time,Late,Late,Missed,Late,Missed,0,0.19072907967068572,0.6185418406586285,Low Risk,Risk is Low (19.1%). Solid credit indicators.,Maintain standard tracking.
CUST0342,28.0,166836.0,495.0,0.549055567555686,0,0,62253.0,0.249608052862573,retired,15,Standard,Houston,Missed,Missed,On-time,Late,Late,Missed,0,0.04620865272938444,0.9075826945412311,Low Risk,Risk is Low (4.6%). Solid credit indicators.,Maintain standard tracking.
CUST0343,66.0,18267.0,541.0,0.732044380717047,6,0,45776.0,0.199239930533996,employed,11,Business,Los Angeles,Late,On-time,Missed,Late,Missed,On-time,0,0.08271030027420977,0.8345793994515804,Low Risk,Risk is Low (8.3%). Solid credit indicators.,Maintain standard tracking.
CUST0344,25.0,118333.0,486.0,0.452140644640116,3,0,72809.0,0.202707911400875,employed,7,Business,Phoenix,On-time,On-time,On-time,On-time,Missed,Late,0,0.07469452331250964,0.8506109533749807,Low Risk,Risk is Low (7.5%). Solid credit indicators.,Maintain standard tracking.
CUST0345,53.0,119573.0,465.0,0.356435322789655,0,0,89660.0,0.421297272922618,employed,15,Gold,Chicago,On-time,Missed,On-time,On-time,On-time,Late,0,0.14387893785498118,0.7122421242900376,Low Risk,Risk is Low (14.4%). Solid credit indicators.,Maintain standard tracking.
CUST0346,55.0,136790.0,655.0,0.403127811145528,4,0,42551.0,0.174824231363825,Employed,0,Platinum,New York,On-time,On-time,On-time,Late,Missed,Missed,0,0.11196063364107722,0.7760787327178456,Low Risk,Risk is Low (11.2%). Solid credit indicators.,Maintain standard tracking.
CUST0347,57.0,117023.0,700.0,0.710611486603075,1,0,89537.0,0.336318229829127,EMP,3,Platinum,Phoenix,On-time,Late,Missed,Missed,Missed,Missed,0,0.1088817239763368,0.7822365520473264,Low Risk,Risk is Low (10.9%). Solid credit indicators.,Maintain standard tracking.
CUST0348,37.0,112007.0,416.0,0.906661059720693,4,0,56061.0,0.351954632977439,retired,9,Standard,Chicago,Late,On-time,Late,On-time,Late,On-time,0,0.0739156980083747,0.8521686039832506,Low Risk,Risk is Low (7.4%). Solid credit indicators.,Maintain standard tracking.
CUST0349,52.0,99665.0,789.0,0.237248437262793,5,0,76567.0,0.287872452416433,Self-employed,10,Gold,Houston,Missed,On-time,Missed,Missed,On-time,On-time,0,0.13830704038788164,0.7233859192242367,Low Risk,Risk is Low (13.8%). Solid credit indicators.,Maintain standard tracking.
CUST0350,65.0,38289.0,493.0,0.280939676986028,2,0,79013.0,0.476782905840517,Self-employed,16,Standard,Phoenix,On-time,Missed,Late,Late,On-time,Late,0,0.08549660386832995,0.8290067922633401,Low Risk,Risk is Low (8.5%). Solid credit indicators.,Maintain standard tracking.
CUST0351,42.0,167424.0,341.0,0.46624064265957,2,1,52259.0,0.350171899302769,Self-employed,6,Student,Chicago,Missed,On-time,Late,On-time,Late,Missed,0,0.399055891879245,0.20188821624151,Medium Risk,Risk is Medium (39.9%). Moderate risk profile.,Send payment reminders & monitor.
CUST0352,52.0,98613.0,820.0,0.522191219213608,2,0,2200.0,0.484290304830465,Self-employed,11,Business,Phoenix,Missed,Late,Late,Late,Late,Missed,0,0.18981373019587053,0.6203725396082589,Low Risk,Risk is Low (19.0%). Solid credit indicators.,Maintain standard tracking.
CUST0353,42.0,176426.0,736.0,0.657393913110999,4,0,47695.0,0.234893599808512,employed,6,Standard,Los Angeles,Missed,Missed,Late,Late,On-time,Missed,0,0.12848442631551865,0.7430311473689627,Low Risk,Risk is Low (12.8%). Solid credit indicators.,Maintain standard tracking.
CUST0354,46.0,33017.0,622.0,0.321773398279702,3,0,86828.0,0.236605459010658,Self-employed,11,Business,Chicago,On-time,Missed,On-time,Missed,Missed,Late,0,0.02760821143345501,0.94478357713309,Low Risk,Risk is Low (2.8%). Solid credit indicators.,Maintain standard tracking.
CUST0355,35.0,52744.0,700.0,0.287378192670107,1,0,24623.0,0.352753715868001,EMP,14,Gold,Los Angeles,Missed,On-time,Missed,On-time,On-time,Late,0,0.09439715494723083,0.8112056901055383,Low Risk,Risk is Low (9.4%). Solid credit indicators.,Maintain standard tracking.
CUST0356,63.0,149415.0,385.0,0.527617430626726,2,1,4265.0,0.273853436268079,employed,1,Student,Los Angeles,On-time,On-time,Missed,Late,Missed,Late,0,0.16936083133280438,0.6612783373343912,Low Risk,Risk is Low (16.9%). Solid credit indicators.,Maintain standard tracking.
CUST0357,35.0,32955.0,359.0,0.448319855958566,5,1,77348.0,0.468566542489201,Self-employed,13,Gold,Chicago,Missed,On-time,Missed,On-time,Late,Missed,0,0.15364568248653154,0.6927086350269369,Low Risk,Risk is Low (15.4%). Solid credit indicators.,Maintain standard tracking.
CUST0358,19.0,36677.0,611.0,0.685344199554305,5,1,11251.0,0.334170038363093,Employed,12,Student,New York,Missed,On-time,Late,On-time,Late,On-time,1,0.55997889413495,0.11995778826989989,Medium Risk,Risk is Medium (56.0%). Moderate risk profile.,Send payment reminders & monitor.
CUST0359,71.0,198062.0,538.0,0.597471960638076,2,0,25807.0,0.195542578014328,Unemployed,3,Student,Chicago,On-time,On-time,Missed,Missed,On-time,Missed,0,0.2636266837488618,0.47274663250227644,Low Risk,Risk is Low (26.4%). Solid credit indicators.,Maintain standard tracking.
CUST0360,52.0,137402.0,617.0,0.611075869526643,2,0,78035.0,0.126318359145597,Unemployed,13,Business,New York,Missed,On-time,On-time,Missed,Late,Late,0,0.062090822789943045,0.8758183544201139,Low Risk,Risk is Low (6.2%). Solid credit indicators.,Maintain standard tracking.
CUST0361,33.0,38524.0,311.0,0.479103730724626,1,0,68998.0,0.292176140765673,Unemployed,13,Gold,Phoenix,On-time,Missed,Late,On-time,On-time,Missed,0,0.0815530293097845,0.836893941380431,Low Risk,Risk is Low (8.2%). Solid credit indicators.,Maintain standard tracking.
CUST0362,58.0,180421.0,679.0,0.971116051713641,2,0,53553.0,0.291087687046676,employed,15,Gold,Phoenix,Late,Missed,Late,On-time,On-time,Late,0,0.0850889327771422,0.8298221344457156,Low Risk,Risk is Low (8.5%). Solid credit indicators.,Maintain standard tracking.
CUST0363,53.0,107193.0,316.0,0.332450403681248,1,1,86447.0,0.331376592330838,Self-employed,6,Standard,Chicago,Missed,Missed,Missed,Missed,Late,Missed,1,0.5509020976443133,0.10180419528862661,Medium Risk,Risk is Medium (55.1%). Moderate risk profile.,Send payment reminders & monitor.
CUST0364,50.0,21949.0,682.0,0.622161966750955,5,0,31449.0,0.42106905737559,retired,18,Gold,Phoenix,Late,On-time,On-time,Late,Missed,Late,0,0.08089763945618204,0.8382047210876359,Low Risk,Risk is Low (8.1%). Solid credit indicators.,Maintain standard tracking.
CUST0365,21.0,34870.0,622.0,0.246062002585378,2,0,13761.0,0.407911330399392,retired,1,Standard,Houston,Missed,On-time,Late,Late,On-time,Late,0,0.06711182200152788,0.8657763559969442,Low Risk,Risk is Low (6.7%). Solid credit indicators.,Maintain standard tracking.
CUST0366,50.0,59811.0,475.0,0.285306464452109,4,0,23125.0,0.242109896766356,retired,9,Platinum,Los Angeles,Missed,On-time,Late,Missed,Missed,On-time,0,0.07705869685366289,0.8458826062926742,Low Risk,Risk is Low (7.7%). Solid credit indicators.,Maintain standard tracking.
CUST0367,31.0,42350.0,389.0,0.378530880246909,6,0,50310.0,0.170618059819557,employed,17,Platinum,Los Angeles,Missed,On-time,On-time,Missed,Late,Late,0,0.16055966622697038,0.6788806675460592,Low Risk,Risk is Low (16.1%). Solid credit indicators.,Maintain standard tracking.
CUST0368,38.0,118081.0,523.0,0.825864667323605,4,0,74288.0,0.176587886499092,EMP,16,Platinum,New York,Late,Missed,Late,Late,On-time,Missed,0,0.03711965226325088,0.9257606954734983,Low Risk,Risk is Low (3.7%). Solid credit indicators.,Maintain standard tracking.
CUST0369,65.0,28807.0,728.0,0.552778886090803,5,0,24670.0,0.226319829467862,Employed,4,Gold,Phoenix,Late,On-time,Missed,On-time,On-time,On-time,0,0.12208114497789165,0.7558377100442167,Low Risk,Risk is Low (12.2%). Solid credit indicators.,Maintain standard tracking.
CUST0370,37.0,107658.0,459.0,0.381904386291124,1,0,62561.0,0.263326845196098,Employed,11,Gold,New York,On-time,Missed,On-time,Late,Late,Missed,0,0.19802151527722006,0.6039569694455599,Low Risk,Risk is Low (19.8%). Solid credit indicators.,Maintain standard tracking.
CUST0371,73.0,107658.0,384.0,0.574887265190914,4,0,91970.0,0.330506213896516,Unemployed,5,Standard,Los Angeles,Late,Late,Late,Missed,Missed,Missed,0,0.11255288954094507,0.7748942209181099,Low Risk,Risk is Low (11.3%). Solid credit indicators.,Maintain standard tracking.
CUST0372,25.0,90353.0,643.0,0.507029576284901,1,0,88423.0,0.219903240310402,Unemployed,8,Student,Los Angeles,Missed,Late,Missed,On-time,Missed,Late,0,0.06571487291171335,0.8685702541765733,Low Risk,Risk is Low (6.6%). Solid credit indicators.,Maintain standard tracking.
CUST0373,24.0,42350.0,664.0,0.401605326172176,4,0,11251.0,0.328039197111331,retired,19,Standard,Phoenix,Late,On-time,On-time,Late,Missed,Late,0,0.10703890958229709,0.7859221808354058,Low Risk,Risk is Low (10.7%). Solid credit indicators.,Maintain standard tracking.
CUST0374,20.0,76813.0,693.0,0.220674228842354,4,0,85678.0,0.336204014585905,retired,0,Platinum,Houston,On-time,On-time,On-time,Missed,Late,Late,0,0.07586124850758996,0.8482775029848201,Low Risk,Risk is Low (7.6%). Solid credit indicators.,Maintain standard tracking.
CUST0375,34.0,101900.0,648.0,0.787708496902458,1,1,48942.0,0.314334388259588,Unemployed,14,Standard,Houston,Missed,Missed,Missed,Missed,On-time,Missed,0,0.13838853904096468,0.7232229219180706,Low Risk,Risk is Low (13.8%). Solid credit indicators.,Maintain standard tracking.
CUST0376,50.0,107658.0,773.0,0.541963625742008,3,0,7468.0,0.18713770029873,Self-employed,5,Student,Phoenix,Missed,Missed,Late,On-time,Missed,Late,0,0.16992436596545,0.6601512680691,Low Risk,Risk is Low (17.0%). Solid credit indicators.,Maintain standard tracking.
CUST0377,65.0,107658.0,781.0,0.934747674693647,4,0,26000.0,0.346782672523595,EMP,18,Gold,Phoenix,On-time,Late,On-time,Late,On-time,On-time,0,0.1546942407218288,0.6906115185563424,Low Risk,Risk is Low (15.5%). Solid credit indicators.,Maintain standard tracking.
CUST0378,29.0,68932.0,535.0,0.688064324108176,2,0,82909.0,0.508126962876672,EMP,17,Standard,New York,Late,Late,On-time,Missed,On-time,Late,0,0.06593109380634642,0.8681378123873071,Low Risk,Risk is Low (6.6%). Solid credit indicators.,Maintain standard tracking.
CUST0379,68.0,107658.0,586.0,0.610263944952208,6,0,27490.0,0.32458968269129,EMP,5,Platinum,Phoenix,Missed,Missed,Missed,Late,On-time,Late,0,0.08660664816990407,0.8267867036601919,Low Risk,Risk is Low (8.7%). Solid credit indicators.,Maintain standard tracking.
CUST0380,39.0,150230.0,742.0,0.412959134276606,5,1,33472.0,0.1,EMP,12,Platinum,Houston,Late,Late,On-time,Missed,Missed,Late,1,0.5473221036285346,0.09464420725706923,Medium Risk,Risk is Medium (54.7%). Moderate risk profile.,Send payment reminders & monitor.
CUST0381,72.0,100999.0,823.0,0.280930887228616,3,0,13355.0,0.42408795720469,Unemployed,0,Gold,Phoenix,Late,On-time,Late,Missed,Late,On-time,0,0.12437324450088641,0.7512535109982272,Low Risk,Risk is Low (12.4%). Solid credit indicators.,Maintain standard tracking.
CUST0382,39.0,88963.0,310.0,0.45645380310231,1,0,6118.0,0.229725222330061,Employed,12,Standard,New York,Missed,On-time,On-time,Late,Late,On-time,0,0.18832765301142682,0.6233446939771463,Low Risk,Risk is Low (18.8%). Solid credit indicators.,Maintain standard tracking.
CUST0383,63.0,120616.0,345.0,0.275141481158833,3,0,98999.0,0.526571269049569,Unemployed,6,Student,New York,Late,Late,Missed,Missed,Late,Missed,0,0.09921499209126239,0.8015700158174752,Low Risk,Risk is Low (9.9%). Solid credit indicators.,Maintain standard tracking.
CUST0384,47.0,61540.0,414.0,0.63003807614615,0,0,37658.0,0.311636345136596,EMP,14,Gold,New York,On-time,Missed,Missed,Late,On-time,Missed,0,0.15905329290225795,0.6818934141954841,Low Risk,Risk is Low (15.9%). Solid credit indicators.,Maintain standard tracking.
CUST0385,55.0,53756.0,611.0,0.826530499539426,0,0,94309.0,0.131529930601417,Unemployed,11,Standard,New York,Missed,Late,Late,Missed,On-time,Missed,0,0.059617806157837086,0.8807643876843259,Low Risk,Risk is Low (6.0%). Solid credit indicators.,Maintain standard tracking.
CUST0386,55.0,109297.0,806.0,0.447817546776573,4,0,33354.0,0.1,EMP,0,Business,Chicago,Missed,Missed,On-time,Late,Late,On-time,0,0.12619110394196828,0.7476177921160634,Low Risk,Risk is Low (12.6%). Solid credit indicators.,Maintain standard tracking.
CUST0387,62.0,107658.0,383.0,0.688898194478239,4,0,48942.0,0.453974076267587,employed,14,Platinum,Phoenix,Late,Missed,Late,Missed,Missed,On-time,0,0.10292817997385022,0.7941436400522995,Low Risk,Risk is Low (10.3%). Solid credit indicators.,Maintain standard tracking.
CUST0388,68.0,53304.0,469.0,0.362154185956628,2,0,31674.0,0.410590498591727,retired,3,Student,Los Angeles,Missed,Late,On-time,Late,On-time,Missed,0,0.13640095755352452,0.7271980848929509,Low Risk,Risk is Low (13.6%). Solid credit indicators.,Maintain standard tracking.
CUST0389,71.0,173427.0,550.0,0.439506632358529,6,0,3081.0,0.522601888576669,Employed,12,Student,Phoenix,Missed,On-time,Missed,Late,Missed,Missed,0,0.0755724986257188,0.8488550027485624,Low Risk,Risk is Low (7.6%). Solid credit indicators.,Maintain standard tracking.
CUST0390,25.0,140917.0,725.0,0.337007203086911,5,1,16454.0,0.301092448557355,employed,4,Student,Chicago,On-time,Missed,Late,Missed,Missed,Missed,0,0.15182336732386217,0.6963532653522757,Low Risk,Risk is Low (15.2%). Solid credit indicators.,Maintain standard tracking.
CUST0391,44.0,96317.0,685.0,0.0733733929858979,3,0,63375.0,0.294347011662031,Self-employed,1,Platinum,New York,Late,Late,Missed,Missed,On-time,Missed,0,0.08808527986954878,0.8238294402609024,Low Risk,Risk is Low (8.8%). Solid credit indicators.,Maintain standard tracking.
CUST0392,44.0,93832.0,459.0,0.492693330016277,0,0,11587.0,0.261728120784144,Unemployed,0,Standard,Chicago,Late,On-time,Late,Late,Late,Missed,0,0.14316498030786998,0.7136700393842601,Low Risk,Risk is Low (14.3%). Solid credit indicators.,Maintain standard tracking.
CUST0393,51.0,31896.0,834.0,0.52569034751955,4,0,49798.0,0.234170975874077,Self-employed,15,Gold,Houston,Late,Missed,On-time,On-time,Missed,Late,0,0.10540852241403485,0.7891829551719303,Low Risk,Risk is Low (10.5%). Solid credit indicators.,Maintain standard tracking.
CUST0394,38.0,107658.0,622.0,0.713172199752327,5,0,44454.0,0.260757044554218,Unemployed,5,Standard,Houston,On-time,Missed,Late,On-time,Missed,On-time,0,0.04142976492082226,0.9171404701583554,Low Risk,Risk is Low (4.1%). Solid credit indicators.,Maintain standard tracking.
CUST0395,47.0,70284.0,528.0,0.659087650533857,3,0,30575.0,0.321746333232402,retired,15,Gold,Phoenix,On-time,Late,On-time,On-time,Missed,Missed,0,0.06345474017396838,0.8730905196520633,Low Risk,Risk is Low (6.3%). Solid credit indicators.,Maintain standard tracking.
CUST0396,50.0,72043.0,308.0,0.661790579807799,4,0,45776.0,0.215609921308789,employed,13,Student,Phoenix,On-time,On-time,On-time,Missed,Missed,Late,0,0.08593897823646426,0.8281220435270715,Low Risk,Risk is Low (8.6%). Solid credit indicators.,Maintain standard tracking.
CUST0397,45.0,183152.0,656.0,0.305192755376424,4,0,24835.0,0.133071065312601,retired,2,Standard,Los Angeles,On-time,Late,On-time,Missed,On-time,Late,0,0.09618695760881468,0.8076260847823706,Low Risk,Risk is Low (9.6%). Solid credit indicators.,Maintain standard tracking.
CUST0398,64.0,170576.0,337.0,0.591899461214138,0,0,19733.0,0.315987663401417,EMP,14,Student,Los Angeles,Late,Missed,Missed,Late,On-time,Missed,0,0.14077849616212645,0.7184430076757471,Low Risk,Risk is Low (14.1%). Solid credit indicators.,Maintain standard tracking.
CUST0399,50.0,198401.0,523.0,0.816518793096318,0,0,52217.0,0.213380440130656,retired,2,Business,Houston,Late,Missed,Missed,Missed,Late,On-time,0,0.1905739445446159,0.6188521109107682,Low Risk,Risk is Low (19.1%). Solid credit indicators.,Maintain standard tracking.
CUST0400,22.0,86726.0,584.0,0.575973570141816,4,0,60278.0,0.1,retired,1,Student,New York,On-time,Late,On-time,Late,Missed,On-time,0,0.17176260256515571,0.6564747948696885,Low Risk,Risk is Low (17.2%). Solid credit indicators.,Maintain standard tracking.
CUST0401,65.0,180421.0,762.0,0.865718722612999,1,0,91557.0,0.355256739065701,EMP,0,Student,Chicago,Missed,Missed,On-time,On-time,Missed,Late,0,0.09306514861298315,0.8138697027740337,Low Risk,Risk is Low (9.3%). Solid credit indicators.,Maintain standard tracking.
CUST0402,36.0,107658.0,306.0,0.903793222223972,4,0,55345.0,0.189194096188297,Unemployed,8,Gold,Los Angeles,On-time,Missed,Missed,On-time,Late,Late,0,0.06450699374647481,0.8709860125070503,Low Risk,Risk is Low (6.5%). Solid credit indicators.,Maintain standard tracking.
CUST0403,21.0,57318.0,770.0,0.44630634594167,5,1,3091.0,0.366178945469073,EMP,8,Business,Los Angeles,On-time,On-time,On-time,Late,Late,On-time,1,0.5812377869710819,0.16247557394216372,Medium Risk,Risk is Medium (58.1%). Moderate risk profile.,Send payment reminders & monitor.
CUST0404,52.0,38524.0,563.0,0.360612050983885,4,0,32207.0,0.363784810651598,employed,6,Student,New York,On-time,On-time,Missed,On-time,Late,Missed,0,0.08475238654788939,0.8304952269042212,Low Risk,Risk is Low (8.5%). Solid credit indicators.,Maintain standard tracking.
CUST0405,66.0,161377.0,380.0,0.347707566916209,2,0,98999.0,0.328359001152283,retired,2,Student,New York,Late,On-time,On-time,On-time,Missed,Missed,0,0.11180411240453622,0.7763917751909275,Low Risk,Risk is Low (11.2%). Solid credit indicators.,Maintain standard tracking.
CUST0406,34.0,119573.0,360.0,0.196772835979355,6,0,90739.0,0.549681784035649,EMP,17,Business,Phoenix,Missed,Late,Late,Late,Missed,Late,0,0.07359047670759679,0.8528190465848065,Low Risk,Risk is Low (7.4%). Solid credit indicators.,Maintain standard tracking.
CUST0407,61.0,167617.0,638.0,0.396319420116895,2,0,85780.0,0.286194815002762,retired,10,Business,Chicago,Missed,On-time,Missed,On-time,On-time,Late,0,0.1337839338830621,0.7324321322338758,Low Risk,Risk is Low (13.4%). Solid credit indicators.,Maintain standard tracking.
CUST0408,45.0,107658.0,627.0,0.741533089951249,2,0,44303.0,0.271436043250141,employed,6,Standard,New York,On-time,Missed,On-time,Late,Missed,Missed,0,0.05627660978790428,0.8874467804241915,Low Risk,Risk is Low (5.6%). Solid credit indicators.,Maintain standard tracking.
CUST0409,47.0,71570.0,341.0,0.0591924849497519,1,0,39582.0,0.368367242141691,Self-employed,8,Gold,Los Angeles,On-time,Late,Late,Late,On-time,Late,0,0.09489096661147052,0.810218066777059,Low Risk,Risk is Low (9.5%). Solid credit indicators.,Maintain standard tracking.
CUST0410,46.0,165580.0,734.0,0.29250931985725,1,0,1217.0,0.29445526378862,employed,0,Business,Los Angeles,On-time,Late,Missed,On-time,Missed,On-time,0,0.3171701377270969,0.3656597245458062,Medium Risk,Risk is Medium (31.7%). Moderate risk profile.,Send payment reminders & monitor.
CUST0411,63.0,154487.0,595.0,0.4745737116696,4,0,89616.0,0.4160493537394,Employed,13,Business,Houston,On-time,Missed,Missed,Missed,Late,Missed,0,0.07597542256088852,0.848049154878223,Low Risk,Risk is Low (7.6%). Solid credit indicators.,Maintain standard tracking.
CUST0412,70.0,130359.0,835.0,0.32456295987566,2,0,47906.0,0.173119409242447,Employed,19,Platinum,New York,Missed,On-time,Late,Late,Late,Missed,0,0.13285480181375953,0.734290396372481,Low Risk,Risk is Low (13.3%). Solid credit indicators.,Maintain standard tracking.
CUST0413,23.0,58919.0,784.0,0.394542811151955,1,0,45776.0,0.174782555253565,Employed,5,Business,Phoenix,Missed,On-time,Late,Missed,On-time,Late,0,0.04649249537201607,0.9070150092559679,Low Risk,Risk is Low (4.6%). Solid credit indicators.,Maintain standard tracking.
CUST0414,52.0,109074.0,401.0,0.397534065115539,0,0,61210.0,0.376580949132621,retired,6,Gold,Chicago,Late,Missed,On-time,On-time,Missed,Missed,0,0.18840462687748133,0.6231907462450373,Low Risk,Risk is Low (18.8%). Solid credit indicators.,Maintain standard tracking.
CUST0415,58.0,152326.0,474.0,0.44849195598765,4,1,5626.0,0.183518906066139,Unemployed,9,Student,Phoenix,On-time,Missed,Late,Missed,On-time,Late,1,0.5308433801726002,0.061686760345200486,Medium Risk,Risk is Medium (53.1%). Moderate risk profile.,Send payment reminders & monitor.
CUST0416,54.0,40934.0,694.0,0.354109060778052,5,0,62561.0,0.360909860644271,Unemployed,6,Student,Los Angeles,Missed,Late,Late,On-time,Missed,Late,0,0.1588416344593054,0.6823167310813891,Low Risk,Risk is Low (15.9%). Solid credit indicators.,Maintain standard tracking.
CUST0417,41.0,126888.0,793.0,0.33775735722889,6,0,63412.0,0.337000284621036,Unemployed,1,Student,Phoenix,Late,On-time,On-time,Late,Missed,Late,0,0.1506359655608485,0.6987280688783031,Low Risk,Risk is Low (15.1%). Solid credit indicators.,Maintain standard tracking.
CUST0418,46.0,73243.0,595.0,0.686861949184246,3,0,62253.0,0.230551171397233,retired,3,Student,Los Angeles,Late,Late,Late,On-time,On-time,Late,0,0.06587912234262433,0.8682417553147513,Low Risk,Risk is Low (6.6%). Solid credit indicators.,Maintain standard tracking.
CUST0419,66.0,107658.0,452.0,0.709930835572069,4,0,46333.0,0.336717016023343,employed,16,Platinum,Los Angeles,Late,Late,Late,Late,On-time,On-time,0,0.0669261115801572,0.8661477768396856,Low Risk,Risk is Low (6.7%). Solid credit indicators.,Maintain standard tracking.
CUST0420,63.0,65990.0,766.0,0.223891330950518,3,0,62253.0,0.176540755421576,Unemployed,0,Business,Los Angeles,Late,Late,Late,On-time,On-time,Missed,0,0.1663732600732601,0.6672534798534798,Low Risk,Risk is Low (16.6%). Solid credit indicators.,Maintain standard tracking.
CUST0421,70.0,180983.0,711.0,0.05,2,0,73733.0,0.200010007373629,Self-employed,9,Student,Los Angeles,Missed,Missed,Late,Missed,On-time,Missed,0,0.08105554694309093,0.8378889061138182,Low Risk,Risk is Low (8.1%). Solid credit indicators.,Maintain standard tracking.
CUST0422,48.0,196415.0,415.0,0.712674969914186,6,0,95276.0,0.276281226158793,Employed,18,Standard,Los Angeles,On-time,Late,Late,On-time,Missed,Missed,0,0.10523479293173776,0.7895304141365245,Low Risk,Risk is Low (10.5%). Solid credit indicators.,Maintain standard tracking.
CUST0423,52.0,179506.0,398.0,0.254239916289572,3,0,59691.0,0.307892781907222,employed,14,Student,Houston,On-time,Late,Missed,On-time,On-time,Missed,0,0.09550789796349997,0.8089842040730001,Low Risk,Risk is Low (9.6%). Solid credit indicators.,Maintain standard tracking.
CUST0424,50.0,71570.0,634.0,0.542548967691947,2,1,36820.0,0.269636146301214,Employed,9,Business,Phoenix,Missed,Late,Missed,On-time,Late,Late,0,0.3718764561920812,0.2562470876158376,Medium Risk,Risk is Medium (37.2%). Moderate risk profile.,Send payment reminders & monitor.
CUST0425,69.0,104588.0,811.0,0.186865625394356,0,0,65548.0,0.343311596387311,Unemployed,18,Student,Houston,Missed,On-time,Missed,Missed,Missed,Late,0,0.12913187691504105,0.741736246169918,Low Risk,Risk is Low (12.9%). Solid credit indicators.,Maintain standard tracking.
CUST0426,38.0,146800.0,500.0,0.759550997051934,3,0,29584.0,0.338846641504829,employed,11,Platinum,Houston,Late,On-time,Missed,Missed,Late,Late,0,0.09621442531442703,0.8075711493711459,Low Risk,Risk is Low (9.6%). Solid credit indicators.,Maintain standard tracking.
CUST0427,49.0,163216.0,768.0,1.0087335790603,6,0,60530.0,0.452936680834814,EMP,15,Gold,New York,Late,On-time,Missed,Late,Late,Missed,0,0.19035066582126053,0.6192986683574789,Low Risk,Risk is Low (19.0%). Solid credit indicators.,Maintain standard tracking.
CUST0428,40.0,193677.0,320.0,0.536561381841067,4,0,36913.0,0.290471465285499,Self-employed,8,Gold,New York,Missed,On-time,Missed,On-time,Late,Missed,0,0.08829319585826116,0.8234136082834776,Low Risk,Risk is Low (8.8%). Solid credit indicators.,Maintain standard tracking.
CUST0429,50.0,38049.0,673.0,0.481179470308096,2,0,62342.0,0.419456343118412,Unemployed,14,Business,New York,On-time,Missed,On-time,Late,Late,On-time,0,0.13648807055689846,0.727023858886203,Low Risk,Risk is Low (13.6%). Solid credit indicators.,Maintain standard tracking.
CUST0430,20.0,129821.0,536.0,0.435572084961987,4,1,49798.0,0.392072551289389,Unemployed,16,Gold,Chicago,Missed,On-time,Missed,Late,Late,On-time,1,0.5078102113903026,0.015620422780605159,Medium Risk,Risk is Medium (50.8%). Moderate risk profile.,Send payment reminders & monitor.
CUST0431,35.0,115235.0,691.0,0.656359862262582,6,0,95276.0,0.529397728329314,Self-employed,13,Gold,New York,Missed,On-time,Late,On-time,Late,Missed,0,0.13585660244652073,0.7282867951069585,Low Risk,Risk is Low (13.6%). Solid credit indicators.,Maintain standard tracking.
CUST0432,42.0,108610.0,467.0,0.613537350186917,1,0,55812.0,0.287274198009772,Self-employed,17,Standard,Phoenix,On-time,Late,Missed,On-time,Late,Missed,0,0.03083756916413265,0.9383248616717347,Low Risk,Risk is Low (3.1%). Solid credit indicators.,Maintain standard tracking.
CUST0433,59.0,31364.0,739.0,0.700699690710572,2,0,24851.0,0.257964127854701,EMP,1,Business,Houston,On-time,Late,On-time,Missed,On-time,Missed,0,0.20998233743811137,0.5800353251237773,Low Risk,Risk is Low (21.0%). Solid credit indicators.,Maintain standard tracking.
CUST0434,48.0,184160.0,572.0,0.374416695480383,3,0,78289.0,0.425769422224373,Unemployed,3,Business,Phoenix,Late,Late,Late,Late,Missed,Late,0,0.10468339356896436,0.7906332128620712,Low Risk,Risk is Low (10.5%). Solid credit indicators.,Maintain standard tracking.
CUST0435,71.0,59238.0,401.0,0.568023541280929,2,0,20052.0,0.338543257174126,retired,17,Gold,New York,Missed,On-time,Missed,Missed,Missed,On-time,0,0.10337370159544998,0.7932525968091,Low Risk,Risk is Low (10.3%). Solid credit indicators.,Maintain standard tracking.
CUST0436,20.0,68682.0,339.0,0.39150638665876,4,0,88778.0,0.428165921678389,Unemployed,6,Gold,Chicago,Late,Missed,Late,On-time,On-time,Late,0,0.08168460322545439,0.8366307935490912,Low Risk,Risk is Low (8.2%). Solid credit indicators.,Maintain standard tracking.
CUST0437,57.0,28807.0,794.0,0.288456870385989,0,0,95136.0,0.37167987979895,Employed,12,Gold,Chicago,Missed,Late,On-time,Missed,Late,Missed,0,0.25411319365058144,0.4917736126988371,Low Risk,Risk is Low (25.4%). Solid credit indicators.,Maintain standard tracking.
CUST0438,63.0,107658.0,799.0,0.491796915799307,2,0,41743.0,0.1,employed,14,Platinum,Houston,Missed,On-time,Late,On-time,Late,On-time,0,0.08670753845065388,0.8265849230986922,Low Risk,Risk is Low (8.7%). Solid credit indicators.,Maintain standard tracking.
CUST0439,41.0,20569.0,427.0,0.315497453924583,3,0,87110.0,0.337632177703118,employed,0,Student,Phoenix,Late,On-time,On-time,Late,On-time,On-time,0,0.0833931419656582,0.8332137160686837,Low Risk,Risk is Low (8.3%). Solid credit indicators.,Maintain standard tracking.
CUST0440,67.0,25916.0,762.0,0.734745399548517,1,0,45776.0,0.331121589795148,Employed,10,Platinum,Los Angeles,Missed,Missed,Late,On-time,Missed,Late,0,0.1339819503644724,0.7320360992710552,Low Risk,Risk is Low (13.4%). Solid credit indicators.,Maintain standard tracking.
CUST0441,49.0,127566.0,328.0,0.327615924396835,5,0,82438.0,0.313310690246396,employed,9,Business,Phoenix,Missed,Missed,Missed,Missed,Missed,Missed,0,0.11400279883520384,0.7719944023295924,Low Risk,Risk is Low (11.4%). Solid credit indicators.,Maintain standard tracking.
CUST0442,64.0,33888.0,398.0,0.572709188137472,0,0,1806.0,0.286775694587661,Self-employed,4,Standard,New York,Missed,Late,Late,On-time,On-time,Missed,0,0.09808160763626156,0.8038367847274769,Low Risk,Risk is Low (9.8%). Solid credit indicators.,Maintain standard tracking.
CUST0443,39.0,152162.0,446.0,0.379315540248055,1,0,4106.0,0.140785647220567,employed,15,Student,Los Angeles,On-time,Late,On-time,On-time,On-time,On-time,0,0.07679455503885854,0.8464108899222829,Low Risk,Risk is Low (7.7%). Solid credit indicators.,Maintain standard tracking.
CUST0444,40.0,170026.0,788.0,0.555412550087502,2,0,95376.0,0.387417691723832,employed,10,Standard,Chicago,On-time,Missed,On-time,Late,On-time,On-time,0,0.10596805897643785,0.7880638820471243,Low Risk,Risk is Low (10.6%). Solid credit indicators.,Maintain standard tracking.
CUST0445,19.0,51187.0,549.0,0.395200685308928,4,0,65387.0,0.337376842809349,Employed,5,Business,Houston,Missed,Late,Late,On-time,Missed,Missed,0,0.07452754150917121,0.8509449169816576,Low Risk,Risk is Low (7.5%). Solid credit indicators.,Maintain standard tracking.
CUST0446,44.0,108396.0,378.0,0.248557745028492,6,1,85678.0,0.410195669739742,EMP,8,Business,Houston,On-time,Late,On-time,Late,Missed,On-time,0,0.4917044438942258,0.01659111221154841,Medium Risk,Risk is Medium (49.2%). Moderate risk profile.,Send payment reminders & monitor.
CUST0447,59.0,16062.0,690.0,0.596754548190369,4,0,73117.0,0.146124447572474,employed,12,Standard,Chicago,Missed,On-time,On-time,Missed,Missed,On-time,0,0.11190556335202606,0.7761888732959479,Low Risk,Risk is Low (11.2%). Solid credit indicators.,Maintain standard tracking.
CUST0448,19.0,167617.0,700.0,0.452916875617355,3,0,52256.0,0.350713448954526,retired,7,Standard,New York,Missed,Missed,Late,On-time,Missed,Missed,0,0.02954843164980006,0.9409031367003999,Low Risk,Risk is Low (3.0%). Solid credit indicators.,Maintain standard tracking.
CUST0449,43.0,187627.0,584.0,0.557196988144491,4,0,10778.0,0.276534066245343,employed,13,Standard,Chicago,On-time,On-time,Missed,Missed,Missed,On-time,0,0.039744087764147375,0.9205118244717052,Low Risk,Risk is Low (4.0%). Solid credit indicators.,Maintain standard tracking.
CUST0450,34.0,115235.0,781.0,0.414231412873912,0,0,62010.0,0.314378800992552,EMP,0,Business,New York,Missed,Late,On-time,On-time,Late,Missed,0,0.10231002749293192,0.7953799450141361,Low Risk,Risk is Low (10.2%). Solid credit indicators.,Maintain standard tracking.
CUST0451,57.0,107658.0,528.0,0.234412697246309,4,0,29845.0,0.27768403658191,Employed,16,Gold,Los Angeles,On-time,Late,On-time,On-time,On-time,Missed,0,0.12372064685815816,0.7525587062836837,Low Risk,Risk is Low (12.4%). Solid credit indicators.,Maintain standard tracking.
CUST0452,50.0,99076.0,332.0,0.716635719411251,3,0,62010.0,0.354360792748012,EMP,4,Standard,Chicago,On-time,Missed,Missed,On-time,Missed,Missed,0,0.09192679927501894,0.8161464014499621,Low Risk,Risk is Low (9.2%). Solid credit indicators.,Maintain standard tracking.
CUST0453,26.0,190333.0,462.0,0.647351551088217,5,1,29416.0,0.283712687900842,Employed,1,Student,New York,Late,Late,Missed,Missed,Late,Missed,0,0.11513467313126922,0.7697306537374615,Low Risk,Risk is Low (11.5%). Solid credit indicators.,Maintain standard tracking.
CUST0454,60.0,65612.0,588.0,0.386607804889351,2,0,45776.0,0.194808507494431,Self-employed,8,Business,Los Angeles,Missed,Missed,On-time,Late,On-time,Missed,0,0.0820033168932547,0.8359933662134906,Low Risk,Risk is Low (8.2%). Solid credit indicators.,Maintain standard tracking.
CUST0455,71.0,162851.0,622.0,0.513955842699759,6,0,77743.0,0.308642541878619,Employed,3,Platinum,Chicago,On-time,Missed,Late,Late,Missed,Missed,0,0.07705589599482261,0.8458882080103548,Low Risk,Risk is Low (7.7%). Solid credit indicators.,Maintain standard tracking.
CUST0456,65.0,75566.0,338.0,0.708403896632587,2,0,83236.0,0.278582546286449,Self-employed,16,Platinum,Houston,Late,Missed,Late,On-time,Late,On-time,0,0.1530903540068585,0.693819291986283,Low Risk,Risk is Low (15.3%). Solid credit indicators.,Maintain standard tracking.
CUST0457,56.0,177993.0,739.0,0.40859233282752,4,0,24120.0,0.291660637887111,Self-employed,16,Student,Chicago,Late,Late,Missed,On-time,Late,On-time,0,0.07151221488731671,0.8569755702253665,Low Risk,Risk is Low (7.2%). Solid credit indicators.,Maintain standard tracking.
CUST0458,46.0,38049.0,758.0,0.439623098961889,1,0,71588.0,0.1,Employed,17,Gold,Phoenix,Late,Missed,Late,Missed,Late,On-time,0,0.11131414763023971,0.7773717047395206,Low Risk,Risk is Low (11.1%). Solid credit indicators.,Maintain standard tracking.
CUST0459,59.0,107658.0,350.0,0.548726500001474,2,0,24835.0,0.36826360835687,retired,15,Standard,Chicago,Missed,Late,On-time,On-time,Missed,Late,0,0.09244088765238527,0.8151182246952294,Low Risk,Risk is Low (9.2%). Solid credit indicators.,Maintain standard tracking.
CUST0460,72.0,125448.0,354.0,0.408181787289082,5,0,45776.0,0.268533638265321,Unemployed,7,Business,Phoenix,Late,Late,Late,Missed,Late,Missed,0,0.2030477873850572,0.5939044252298856,Low Risk,Risk is Low (20.3%). Solid credit indicators.,Maintain standard tracking.
CUST0461,43.0,146800.0,459.0,0.671418399397404,4,1,17913.0,0.165184642598173,Employed,10,Standard,Los Angeles,Missed,Missed,On-time,On-time,Late,Missed,0,0.4678524383444397,0.06429512331112064,Medium Risk,Risk is Medium (46.8%). Moderate risk profile.,Send payment reminders & monitor.
CUST0462,52.0,134180.0,757.0,0.466219843938512,6,0,16693.0,0.392256351684814,employed,17,Business,Chicago,Late,Missed,Late,Missed,Missed,On-time,0,0.21171477733052987,0.5765704453389402,Low Risk,Risk is Low (21.2%). Solid credit indicators.,Maintain standard tracking.
CUST0463,67.0,64922.0,658.0,0.343192825001205,3,0,67397.0,0.363636572775293,retired,9,Platinum,Los Angeles,On-time,Late,Late,Missed,On-time,On-time,0,0.11266696422148215,0.7746660715570357,Low Risk,Risk is Low (11.3%). Solid credit indicators.,Maintain standard tracking.
CUST0464,42.0,107658.0,837.0,0.621727765974799,5,0,45776.0,0.267267980372514,retired,12,Standard,Los Angeles,On-time,Missed,On-time,Late,Late,Late,0,0.05227758100012884,0.8954448379997423,Low Risk,Risk is Low (5.2%). Solid credit indicators.,Maintain standard tracking.
CUST0465,41.0,24435.0,766.0,0.27157387011373,4,0,60530.0,0.184783062047998,employed,16,Student,New York,Missed,On-time,Missed,Missed,Missed,Late,0,0.0633210711146889,0.8733578577706222,Low Risk,Risk is Low (6.3%). Solid credit indicators.,Maintain standard tracking.
CUST0466,30.0,107658.0,664.0,0.902975712224842,5,0,45776.0,0.317803073467937,Unemployed,17,Gold,Los Angeles,Missed,Missed,Missed,Late,On-time,On-time,0,0.10980881242862534,0.7803823751427493,Low Risk,Risk is Low (11.0%). Solid credit indicators.,Maintain standard tracking.
CUST0467,24.0,193998.0,700.0,0.81649927271604,2,0,18952.0,0.31231060845876,retired,9,Student,Los Angeles,Missed,On-time,On-time,Late,Late,Missed,0,0.08086098136069411,0.8382780372786118,Low Risk,Risk is Low (8.1%). Solid credit indicators.,Maintain standard tracking.
CUST0468,74.0,164143.0,580.0,0.602699095384203,6,0,44449.0,0.392433428299178,Self-employed,15,Gold,Chicago,Missed,Late,On-time,Missed,Missed,Late,0,0.11026081425567295,0.7794783714886541,Low Risk,Risk is Low (11.0%). Solid credit indicators.,Maintain standard tracking.
CUST0469,53.0,191615.0,796.0,0.58586620436398,3,0,42551.0,0.25562644851395,Unemployed,19,Standard,Chicago,Late,Late,On-time,Late,Late,Late,0,0.16051290633166765,0.6789741873366647,Low Risk,Risk is Low (16.1%). Solid credit indicators.,Maintain standard tracking.
CUST0470,62.0,75566.0,845.0,0.576488283563859,4,0,82482.0,0.419492213486499,employed,4,Standard,Houston,Late,Late,Late,Missed,Late,Missed,0,0.09076971910193872,0.8184605617961226,Low Risk,Risk is Low (9.1%). Solid credit indicators.,Maintain standard tracking.
CUST0471,37.0,167424.0,813.0,0.402181042816218,0,0,33772.0,0.245974699666423,Unemployed,12,Gold,New York,On-time,On-time,Missed,Late,Missed,On-time,0,0.12994967121865733,0.7401006575626854,Low Risk,Risk is Low (13.0%). Solid credit indicators.,Maintain standard tracking.
CUST0472,18.0,53513.0,617.0,0.559461929136168,3,0,43870.0,0.165416821545757,Employed,17,Platinum,Los Angeles,Late,On-time,On-time,Missed,On-time,Late,0,0.12953422056037753,0.7409315588792449,Low Risk,Risk is Low (13.0%). Solid credit indicators.,Maintain standard tracking.
CUST0473,25.0,155932.0,754.0,0.31537347790843,0,0,23685.0,0.186771724452271,Unemployed,16,Business,New York,On-time,Late,Late,Missed,On-time,Missed,0,0.08650734480526405,0.8269853103894719,Low Risk,Risk is Low (8.7%). Solid credit indicators.,Maintain standard tracking.
CUST0474,63.0,107658.0,475.0,0.600763683688036,5,0,75316.0,0.293758846086438,Self-employed,8,Student,Phoenix,Missed,On-time,Missed,Late,Late,Late,0,0.15231161515874928,0.6953767696825015,Low Risk,Risk is Low (15.2%). Solid credit indicators.,Maintain standard tracking.
CUST0475,33.0,38049.0,508.0,0.673569388606259,1,0,60348.0,0.293448549094126,Employed,13,Student,Los Angeles,On-time,Late,On-time,Late,Late,Late,0,0.06782744540256665,0.8643451091948667,Low Risk,Risk is Low (6.8%). Solid credit indicators.,Maintain standard tracking.
CUST0476,31.0,169786.0,822.0,0.424382779803333,3,0,48437.0,0.332786114075077,EMP,16,Student,New York,Late,Missed,Late,On-time,On-time,Missed,0,0.05464428460214157,0.8907114307957169,Low Risk,Risk is Low (5.5%). Solid credit indicators.,Maintain standard tracking.
CUST0477,29.0,52744.0,796.0,0.380979641169056,5,0,44439.0,0.290962596888155,employed,3,Standard,Houston,On-time,Late,Missed,Missed,Missed,Late,0,0.049671350801180465,0.9006572983976391,Low Risk,Risk is Low (5.0%). Solid credit indicators.,Maintain standard tracking.
CUST0478,68.0,24435.0,307.0,0.257504595070418,0,1,20374.0,0.397731851606432,employed,17,Student,Houston,On-time,On-time,Missed,Late,Missed,On-time,1,0.5579483359647417,0.11589667192948339,Medium Risk,Risk is Medium (55.8%). Moderate risk profile.,Send payment reminders & monitor.
CUST0479,40.0,87474.0,429.0,0.791591046713138,2,0,26417.0,0.273890590153742,Unemployed,19,Business,Los Angeles,On-time,Late,Missed,On-time,On-time,On-time,0,0.11304448602370872,0.7739110279525826,Low Risk,Risk is Low (11.3%). Solid credit indicators.,Maintain standard tracking.
CUST0480,32.0,86726.0,799.0,0.396867193231557,2,0,54622.0,0.100372373512858,retired,14,Business,Phoenix,Late,On-time,On-time,Missed,Late,On-time,0,0.029007136290644796,0.9419857274187105,Low Risk,Risk is Low (2.9%). Solid credit indicators.,Maintain standard tracking.
CUST0481,45.0,59482.0,346.0,0.460252192796675,1,0,85678.0,0.28789033115342,Employed,10,Gold,Houston,Late,On-time,On-time,Missed,On-time,Late,0,0.17889617265533464,0.6422076546893307,Low Risk,Risk is Low (17.9%). Solid credit indicators.,Maintain standard tracking.
CUST0482,51.0,59811.0,792.0,0.560031116999145,3,0,45776.0,0.1,EMP,11,Standard,Houston,Late,Late,Late,On-time,On-time,Late,0,0.04004856782596103,0.919902864348078,Low Risk,Risk is Low (4.0%). Solid credit indicators.,Maintain standard tracking.
CUST0483,19.0,107658.0,766.0,0.556441528577986,3,0,45776.0,0.327139098099769,Employed,8,Business,Phoenix,Missed,On-time,Late,Late,Missed,Late,0,0.0845068166503322,0.8309863666993356,Low Risk,Risk is Low (8.5%). Solid credit indicators.,Maintain standard tracking.
CUST0484,49.0,147396.0,401.0,0.649312019136214,3,0,7468.0,0.405719299898491,employed,12,Platinum,New York,Missed,On-time,On-time,Late,Missed,On-time,0,0.06760490635164378,0.8647901872967124,Low Risk,Risk is Low (6.8%). Solid credit indicators.,Maintain standard tracking.
CUST0485,40.0,116570.0,556.0,0.424134016032334,5,0,76567.0,0.201377551371748,Employed,14,Standard,Houston,Missed,On-time,Late,Missed,On-time,On-time,0,0.11337766785797833,0.7732446642840434,Low Risk,Risk is Low (11.3%). Solid credit indicators.,Maintain standard tracking.
CUST0486,39.0,39285.0,567.0,0.272266412305817,6,0,37463.0,0.441855668639185,EMP,14,Standard,Chicago,Missed,Missed,On-time,Late,Missed,Late,0,0.03701119050080744,0.9259776189983852,Low Risk,Risk is Low (3.7%). Solid credit indicators.,Maintain standard tracking.
CUST0487,68.0,43732.0,524.0,0.237266938205536,6,0,53553.0,0.384283124472843,retired,4,Business,Houston,On-time,Late,On-time,On-time,On-time,On-time,0,0.257077347228709,0.485845305542582,Low Risk,Risk is Low (25.7%). Solid credit indicators.,Maintain standard tracking.
CUST0488,42.0,188420.0,550.0,0.38414895343143,1,0,86846.0,0.420648015541505,Unemployed,18,Platinum,New York,On-time,Missed,Late,Missed,Missed,On-time,0,0.2634628935906101,0.4730742128187798,Low Risk,Risk is Low (26.3%). Solid credit indicators.,Maintain standard tracking.
CUST0489,39.0,115497.0,665.0,0.309629905065075,3,0,64110.0,0.318956385643463,Self-employed,19,Gold,New York,Late,Missed,Late,On-time,On-time,Missed,0,0.038423397528880215,0.9231532049422395,Low Risk,Risk is Low (3.8%). Solid credit indicators.,Maintain standard tracking.
CUST0490,39.0,153877.0,618.0,0.439276658938448,5,0,36029.0,0.200723482424817,Employed,13,Business,Los Angeles,On-time,Missed,On-time,On-time,Late,On-time,0,0.11771348847734198,0.764573023045316,Low Risk,Risk is Low (11.8%). Solid credit indicators.,Maintain standard tracking.
CUST0491,66.0,54954.0,825.0,0.761515762151996,2,0,77743.0,0.378081542781413,Self-employed,16,Platinum,Chicago,Late,Missed,On-time,On-time,Missed,On-time,0,0.17599749697550202,0.6480050060489959,Low Risk,Risk is Low (17.6%). Solid credit indicators.,Maintain standard tracking.
CUST0492,69.0,177993.0,818.0,0.424544358823262,0,0,32630.0,0.237539909323166,employed,17,Standard,New York,Missed,Missed,Missed,Late,Late,On-time,0,0.11115687273230308,0.7776862545353939,Low Risk,Risk is Low (11.1%). Solid credit indicators.,Maintain standard tracking.
CUST0493,59.0,191517.0,813.0,0.424469827733088,5,0,23047.0,0.311788450610335,Unemployed,2,Platinum,Phoenix,Missed,Missed,Late,Late,On-time,Late,0,0.16450570709185214,0.6709885858162957,Low Risk,Risk is Low (16.5%). Solid credit indicators.,Maintain standard tracking.
CUST0494,23.0,168487.0,306.0,0.496720244748842,6,0,5539.0,0.282864900719638,Unemployed,1,Standard,Chicago,Missed,On-time,On-time,On-time,Missed,On-time,0,0.0980001009481478,0.8039997981037044,Low Risk,Risk is Low (9.8%). Solid credit indicators.,Maintain standard tracking.
CUST0495,32.0,107658.0,811.0,0.418875001757586,6,1,16699.0,0.412469585679689,Employed,0,Business,Chicago,Late,Late,Late,On-time,On-time,On-time,1,0.6410681136426948,0.28213622728538956,Medium Risk,Risk is Medium (64.1%). Moderate risk profile.,Send payment reminders & monitor.
CUST0496,71.0,48307.0,688.0,0.486521752856361,2,0,12707.0,0.373032700592332,retired,9,Business,Phoenix,On-time,On-time,Missed,On-time,On-time,Late,0,0.18796956746194643,0.6240608650761071,Low Risk,Risk is Low (18.8%). Solid credit indicators.,Maintain standard tracking.
CUST0497,60.0,86180.0,836.0,0.608173844496269,2,1,45595.0,0.291943420168762,Unemployed,18,Student,Houston,On-time,On-time,Late,Late,Late,Missed,0,0.1506277344175371,0.6987445311649259,Low Risk,Risk is Low (15.1%). Solid credit indicators.,Maintain standard tracking.
CUST0498,54.0,152326.0,847.0,0.676950210952662,0,0,44449.0,0.104839280645984,Employed,16,Student,Phoenix,On-time,Late,Late,On-time,Late,Missed,0,0.12742297632169636,0.7451540473566073,Low Risk,Risk is Low (12.7%). Solid credit indicators.,Maintain standard tracking.
CUST0499,50.0,105852.0,343.0,0.700642639947804,2,1,11155.0,0.236477253347079,Employed,11,Student,Phoenix,Late,On-time,Late,Missed,On-time,Missed,1,0.5235276954685147,0.047055390937029484,Medium Risk,Risk is Medium (52.4%). Moderate risk profile.,Send payment reminders & monitor.
CUST0500,25.0,40945.0,442.0,0.911370444146204,1,0,36968.0,0.370422228948441,Self-employed,0,Business,Houston,Missed,Late,Late,On-time,Late,On-time,0,0.28122726049688673,0.43754547900622653,Low Risk,Risk is Low (28.1%). Solid credit indicators.,Maintain standard tracking.
